Controller.Micro850.Micro850.__SYSVA_ABORT_CYCLE	FALSE
Controller.Micro850.Micro850.__SYSVA_CCEXEC	FALSE
Controller.Micro850.Micro850.__SYSVA_CYCLECNT	126073
Controller.Micro850.Micro850.__SYSVA_CYCLEDATE	T#1m29s830ms
Controller.Micro850.Micro850.__SYSVA_FIRST_SCAN	FALSE
Controller.Micro850.Micro850.__SYSVA_KVBCERR	FALSE
Controller.Micro850.Micro850.__SYSVA_KVBPERR	FALSE
Controller.Micro850.Micro850.__SYSVA_MAJ_ERR_HALT	FALSE
Controller.Micro850.Micro850.__SYSVA_POWERUP_BIT	FALSE
Controller.Micro850.Micro850.__SYSVA_PROJ_INCOMPLETE	0
Controller.Micro850.Micro850.__SYSVA_REMOTE	TRUE
Controller.Micro850.Micro850.__SYSVA_RESMODE	3
Controller.Micro850.Micro850.__SYSVA_RESNAME	'CONTROLLER\MICRO850\MICRO850'
Controller.Micro850.Micro850.__SYSVA_SCANCNT	126076
Controller.Micro850.Micro850.__SYSVA_SUSPEND_ID	0
Controller.Micro850.Micro850.__SYSVA_TCYCURRENT	T#0s
Controller.Micro850.Micro850.__SYSVA_TCYCYCTIME	T#0s
Controller.Micro850.Micro850.__SYSVA_TCYMAXIMUM	T#11ms
Controller.Micro850.Micro850.__SYSVA_TCYOVERFLOW	0
Controller.Micro850.Micro850.__SYSVA_TCYWDG	2000
Controller.Micro850.Micro850.__SYSVA_USER_DATA_LOST	FALSE
Controller.Micro850.Micro850._IO_EM_DI_00	FALSE
Controller.Micro850.Micro850._IO_EM_DI_01	FALSE
Controller.Micro850.Micro850._IO_EM_DI_02	FALSE
Controller.Micro850.Micro850._IO_EM_DI_03	FALSE
Controller.Micro850.Micro850._IO_EM_DI_04	FALSE
Controller.Micro850.Micro850._IO_EM_DI_05	FALSE
Controller.Micro850.Micro850._IO_EM_DI_06	FALSE
Controller.Micro850.Micro850._IO_EM_DI_07	FALSE
Controller.Micro850.Micro850._IO_EM_DI_08	FALSE
Controller.Micro850.Micro850._IO_EM_DI_09	FALSE
Controller.Micro850.Micro850._IO_EM_DI_10	FALSE
Controller.Micro850.Micro850._IO_EM_DI_11	FALSE
Controller.Micro850.Micro850._IO_EM_DI_12	FALSE
Controller.Micro850.Micro850._IO_EM_DI_13	FALSE
Controller.Micro850.Micro850._IO_EM_DO_00	FALSE
Controller.Micro850.Micro850._IO_EM_DO_01	FALSE
Controller.Micro850.Micro850._IO_EM_DO_02	FALSE
Controller.Micro850.Micro850._IO_EM_DO_03	FALSE
Controller.Micro850.Micro850._IO_EM_DO_04	FALSE
Controller.Micro850.Micro850._IO_EM_DO_05	FALSE
Controller.Micro850.Micro850._IO_EM_DO_06	FALSE
Controller.Micro850.Micro850._IO_EM_DO_07	FALSE
Controller.Micro850.Micro850._IO_EM_DO_08	FALSE
Controller.Micro850.Micro850._IO_EM_DO_09	FALSE
Controller.Micro850.Micro850._IO_X1_AI_00	5072
Controller.Micro850.Micro850._IO_X1_AI_01	5078
Controller.Micro850.Micro850._IO_X1_AI_02	0
Controller.Micro850.Micro850._IO_X1_AI_03	0
Controller.Micro850.Micro850._IO_X1_ST_00	0
Controller.Micro850.Micro850._IO_X1_ST_01	0
Controller.Micro850.Micro850._IO_X1_ST_02	0
Controller.Micro850.Micro850.ASCII_OUTPUT[1]	0
Controller.Micro850.Micro850.ASCII_OUTPUT[10]	0
Controller.Micro850.Micro850.ASCII_OUTPUT[11]	0
Controller.Micro850.Micro850.ASCII_OUTPUT[12]	0
Controller.Micro850.Micro850.ASCII_OUTPUT[13]	0
Controller.Micro850.Micro850.ASCII_OUTPUT[14]	0
Controller.Micro850.Micro850.ASCII_OUTPUT[15]	0
Controller.Micro850.Micro850.ASCII_OUTPUT[16]	0
Controller.Micro850.Micro850.ASCII_OUTPUT[17]	0
Controller.Micro850.Micro850.ASCII_OUTPUT[18]	0
Controller.Micro850.Micro850.ASCII_OUTPUT[19]	0
Controller.Micro850.Micro850.ASCII_OUTPUT[2]	0
Controller.Micro850.Micro850.ASCII_OUTPUT[20]	0
Controller.Micro850.Micro850.ASCII_OUTPUT[21]	0
Controller.Micro850.Micro850.ASCII_OUTPUT[22]	0
Controller.Micro850.Micro850.ASCII_OUTPUT[23]	0
Controller.Micro850.Micro850.ASCII_OUTPUT[24]	0
Controller.Micro850.Micro850.ASCII_OUTPUT[25]	0
Controller.Micro850.Micro850.ASCII_OUTPUT[26]	0
Controller.Micro850.Micro850.ASCII_OUTPUT[27]	0
Controller.Micro850.Micro850.ASCII_OUTPUT[28]	0
Controller.Micro850.Micro850.ASCII_OUTPUT[29]	0
Controller.Micro850.Micro850.ASCII_OUTPUT[3]	0
Controller.Micro850.Micro850.ASCII_OUTPUT[30]	0
Controller.Micro850.Micro850.ASCII_OUTPUT[31]	0
Controller.Micro850.Micro850.ASCII_OUTPUT[32]	0
Controller.Micro850.Micro850.ASCII_OUTPUT[33]	0
Controller.Micro850.Micro850.ASCII_OUTPUT[34]	0
Controller.Micro850.Micro850.ASCII_OUTPUT[35]	0
Controller.Micro850.Micro850.ASCII_OUTPUT[36]	0
Controller.Micro850.Micro850.ASCII_OUTPUT[37]	0
Controller.Micro850.Micro850.ASCII_OUTPUT[38]	0
Controller.Micro850.Micro850.ASCII_OUTPUT[39]	0
Controller.Micro850.Micro850.ASCII_OUTPUT[4]	0
Controller.Micro850.Micro850.ASCII_OUTPUT[40]	0
Controller.Micro850.Micro850.ASCII_OUTPUT[41]	0
Controller.Micro850.Micro850.ASCII_OUTPUT[42]	0
Controller.Micro850.Micro850.ASCII_OUTPUT[43]	0
Controller.Micro850.Micro850.ASCII_OUTPUT[44]	0
Controller.Micro850.Micro850.ASCII_OUTPUT[45]	0
Controller.Micro850.Micro850.ASCII_OUTPUT[46]	0
Controller.Micro850.Micro850.ASCII_OUTPUT[47]	0
Controller.Micro850.Micro850.ASCII_OUTPUT[48]	0
Controller.Micro850.Micro850.ASCII_OUTPUT[49]	0
Controller.Micro850.Micro850.ASCII_OUTPUT[5]	0
Controller.Micro850.Micro850.ASCII_OUTPUT[50]	0
Controller.Micro850.Micro850.ASCII_OUTPUT[51]	0
Controller.Micro850.Micro850.ASCII_OUTPUT[52]	0
Controller.Micro850.Micro850.ASCII_OUTPUT[53]	0
Controller.Micro850.Micro850.ASCII_OUTPUT[54]	0
Controller.Micro850.Micro850.ASCII_OUTPUT[55]	0
Controller.Micro850.Micro850.ASCII_OUTPUT[56]	0
Controller.Micro850.Micro850.ASCII_OUTPUT[57]	0
Controller.Micro850.Micro850.ASCII_OUTPUT[58]	0
Controller.Micro850.Micro850.ASCII_OUTPUT[59]	0
Controller.Micro850.Micro850.ASCII_OUTPUT[6]	0
Controller.Micro850.Micro850.ASCII_OUTPUT[60]	0
Controller.Micro850.Micro850.ASCII_OUTPUT[61]	0
Controller.Micro850.Micro850.ASCII_OUTPUT[62]	0
Controller.Micro850.Micro850.ASCII_OUTPUT[63]	0
Controller.Micro850.Micro850.ASCII_OUTPUT[64]	0
Controller.Micro850.Micro850.ASCII_OUTPUT[65]	0
Controller.Micro850.Micro850.ASCII_OUTPUT[66]	0
Controller.Micro850.Micro850.ASCII_OUTPUT[67]	0
Controller.Micro850.Micro850.ASCII_OUTPUT[68]	0
Controller.Micro850.Micro850.ASCII_OUTPUT[69]	0
Controller.Micro850.Micro850.ASCII_OUTPUT[7]	0
Controller.Micro850.Micro850.ASCII_OUTPUT[70]	0
Controller.Micro850.Micro850.ASCII_OUTPUT[71]	0
Controller.Micro850.Micro850.ASCII_OUTPUT[72]	0
Controller.Micro850.Micro850.ASCII_OUTPUT[73]	0
Controller.Micro850.Micro850.ASCII_OUTPUT[74]	0
Controller.Micro850.Micro850.ASCII_OUTPUT[75]	0
Controller.Micro850.Micro850.ASCII_OUTPUT[76]	0
Controller.Micro850.Micro850.ASCII_OUTPUT[77]	0
Controller.Micro850.Micro850.ASCII_OUTPUT[78]	0
Controller.Micro850.Micro850.ASCII_OUTPUT[79]	0
Controller.Micro850.Micro850.ASCII_OUTPUT[8]	0
Controller.Micro850.Micro850.ASCII_OUTPUT[80]	0
Controller.Micro850.Micro850.ASCII_OUTPUT[81]	0
Controller.Micro850.Micro850.ASCII_OUTPUT[82]	0
Controller.Micro850.Micro850.ASCII_OUTPUT[9]	0
Controller.Micro850.Micro850.Main.ABL_1.ABLInput.Cancel	FALSE
Controller.Micro850.Micro850.Main.ABL_1.ABLInput.Channel	0
Controller.Micro850.Micro850.Main.ABL_1.ABLInput.TriggerType	0
Controller.Micro850.Micro850.Main.ABL_1.Characters	0
Controller.Micro850.Micro850.Main.ABL_1.controlbit	0
Controller.Micro850.Micro850.Main.ABL_1.Error	FALSE
Controller.Micro850.Micro850.Main.ABL_1.ErrorID	0
Controller.Micro850.Micro850.Main.ABL_1.IN	FALSE
Controller.Micro850.Micro850.Main.ABL_1.Q	FALSE
Controller.Micro850.Micro850.Main.ACB_1.ACBInput.Cancel	FALSE
Controller.Micro850.Micro850.Main.ACB_1.ACBInput.Channel	5
Controller.Micro850.Micro850.Main.ACB_1.ACBInput.TriggerType	1
Controller.Micro850.Micro850.Main.ACB_1.Characters	0
Controller.Micro850.Micro850.Main.ACB_1.controlbit	192
Controller.Micro850.Micro850.Main.ACB_1.Error	FALSE
Controller.Micro850.Micro850.Main.ACB_1.ErrorID	0
Controller.Micro850.Micro850.Main.ACB_1.IN	TRUE
Controller.Micro850.Micro850.Main.ACB_1.Q	FALSE
Controller.Micro850.Micro850.Main.ACL_1.ACLInput.Channel	5
Controller.Micro850.Micro850.Main.ACL_1.ACLInput.RXBuffer	TRUE
Controller.Micro850.Micro850.Main.ACL_1.ACLInput.TXBuffer	FALSE
Controller.Micro850.Micro850.Main.ACL_1.Error	FALSE
Controller.Micro850.Micro850.Main.ACL_1.ErrorID	0
Controller.Micro850.Micro850.Main.ACL_1.IN	FALSE
Controller.Micro850.Micro850.Main.ACL_1.prestatus	FALSE
Controller.Micro850.Micro850.Main.ACL_1.Q	FALSE
Controller.Micro850.Micro850.Main.ARD_1.ARDInput.Cancel	FALSE
Controller.Micro850.Micro850.Main.ARD_1.ARDInput.Channel	5
Controller.Micro850.Micro850.Main.ARD_1.ARDInput.Length	8
Controller.Micro850.Micro850.Main.ARD_1.controlbit	0
Controller.Micro850.Micro850.Main.ARD_1.Destination[1]	0
Controller.Micro850.Micro850.Main.ARD_1.Destination[10]	0
Controller.Micro850.Micro850.Main.ARD_1.Destination[11]	0
Controller.Micro850.Micro850.Main.ARD_1.Destination[12]	0
Controller.Micro850.Micro850.Main.ARD_1.Destination[13]	0
Controller.Micro850.Micro850.Main.ARD_1.Destination[14]	0
Controller.Micro850.Micro850.Main.ARD_1.Destination[15]	0
Controller.Micro850.Micro850.Main.ARD_1.Destination[16]	0
Controller.Micro850.Micro850.Main.ARD_1.Destination[17]	0
Controller.Micro850.Micro850.Main.ARD_1.Destination[18]	0
Controller.Micro850.Micro850.Main.ARD_1.Destination[19]	0
Controller.Micro850.Micro850.Main.ARD_1.Destination[2]	0
Controller.Micro850.Micro850.Main.ARD_1.Destination[20]	0
Controller.Micro850.Micro850.Main.ARD_1.Destination[21]	0
Controller.Micro850.Micro850.Main.ARD_1.Destination[22]	0
Controller.Micro850.Micro850.Main.ARD_1.Destination[23]	0
Controller.Micro850.Micro850.Main.ARD_1.Destination[24]	0
Controller.Micro850.Micro850.Main.ARD_1.Destination[25]	0
Controller.Micro850.Micro850.Main.ARD_1.Destination[26]	0
Controller.Micro850.Micro850.Main.ARD_1.Destination[27]	0
Controller.Micro850.Micro850.Main.ARD_1.Destination[28]	0
Controller.Micro850.Micro850.Main.ARD_1.Destination[29]	0
Controller.Micro850.Micro850.Main.ARD_1.Destination[3]	0
Controller.Micro850.Micro850.Main.ARD_1.Destination[30]	0
Controller.Micro850.Micro850.Main.ARD_1.Destination[31]	0
Controller.Micro850.Micro850.Main.ARD_1.Destination[32]	0
Controller.Micro850.Micro850.Main.ARD_1.Destination[33]	0
Controller.Micro850.Micro850.Main.ARD_1.Destination[34]	0
Controller.Micro850.Micro850.Main.ARD_1.Destination[35]	0
Controller.Micro850.Micro850.Main.ARD_1.Destination[36]	0
Controller.Micro850.Micro850.Main.ARD_1.Destination[37]	0
Controller.Micro850.Micro850.Main.ARD_1.Destination[38]	0
Controller.Micro850.Micro850.Main.ARD_1.Destination[39]	0
Controller.Micro850.Micro850.Main.ARD_1.Destination[4]	0
Controller.Micro850.Micro850.Main.ARD_1.Destination[40]	0
Controller.Micro850.Micro850.Main.ARD_1.Destination[41]	0
Controller.Micro850.Micro850.Main.ARD_1.Destination[42]	0
Controller.Micro850.Micro850.Main.ARD_1.Destination[43]	0
Controller.Micro850.Micro850.Main.ARD_1.Destination[44]	0
Controller.Micro850.Micro850.Main.ARD_1.Destination[45]	0
Controller.Micro850.Micro850.Main.ARD_1.Destination[46]	0
Controller.Micro850.Micro850.Main.ARD_1.Destination[47]	0
Controller.Micro850.Micro850.Main.ARD_1.Destination[48]	0
Controller.Micro850.Micro850.Main.ARD_1.Destination[49]	0
Controller.Micro850.Micro850.Main.ARD_1.Destination[5]	0
Controller.Micro850.Micro850.Main.ARD_1.Destination[50]	0
Controller.Micro850.Micro850.Main.ARD_1.Destination[51]	0
Controller.Micro850.Micro850.Main.ARD_1.Destination[52]	0
Controller.Micro850.Micro850.Main.ARD_1.Destination[53]	0
Controller.Micro850.Micro850.Main.ARD_1.Destination[54]	0
Controller.Micro850.Micro850.Main.ARD_1.Destination[55]	0
Controller.Micro850.Micro850.Main.ARD_1.Destination[56]	0
Controller.Micro850.Micro850.Main.ARD_1.Destination[57]	0
Controller.Micro850.Micro850.Main.ARD_1.Destination[58]	0
Controller.Micro850.Micro850.Main.ARD_1.Destination[59]	0
Controller.Micro850.Micro850.Main.ARD_1.Destination[6]	0
Controller.Micro850.Micro850.Main.ARD_1.Destination[60]	0
Controller.Micro850.Micro850.Main.ARD_1.Destination[61]	0
Controller.Micro850.Micro850.Main.ARD_1.Destination[62]	0
Controller.Micro850.Micro850.Main.ARD_1.Destination[63]	0
Controller.Micro850.Micro850.Main.ARD_1.Destination[64]	0
Controller.Micro850.Micro850.Main.ARD_1.Destination[65]	0
Controller.Micro850.Micro850.Main.ARD_1.Destination[66]	0
Controller.Micro850.Micro850.Main.ARD_1.Destination[67]	0
Controller.Micro850.Micro850.Main.ARD_1.Destination[68]	0
Controller.Micro850.Micro850.Main.ARD_1.Destination[69]	0
Controller.Micro850.Micro850.Main.ARD_1.Destination[7]	0
Controller.Micro850.Micro850.Main.ARD_1.Destination[70]	0
Controller.Micro850.Micro850.Main.ARD_1.Destination[71]	0
Controller.Micro850.Micro850.Main.ARD_1.Destination[72]	0
Controller.Micro850.Micro850.Main.ARD_1.Destination[73]	0
Controller.Micro850.Micro850.Main.ARD_1.Destination[74]	0
Controller.Micro850.Micro850.Main.ARD_1.Destination[75]	0
Controller.Micro850.Micro850.Main.ARD_1.Destination[76]	0
Controller.Micro850.Micro850.Main.ARD_1.Destination[77]	0
Controller.Micro850.Micro850.Main.ARD_1.Destination[78]	0
Controller.Micro850.Micro850.Main.ARD_1.Destination[79]	0
Controller.Micro850.Micro850.Main.ARD_1.Destination[8]	0
Controller.Micro850.Micro850.Main.ARD_1.Destination[80]	0
Controller.Micro850.Micro850.Main.ARD_1.Destination[81]	0
Controller.Micro850.Micro850.Main.ARD_1.Destination[82]	0
Controller.Micro850.Micro850.Main.ARD_1.Destination[9]	0
Controller.Micro850.Micro850.Main.ARD_1.Error	FALSE
Controller.Micro850.Micro850.Main.ARD_1.ErrorID	0
Controller.Micro850.Micro850.Main.ARD_1.IN	FALSE
Controller.Micro850.Micro850.Main.ARD_1.NumChar	8
Controller.Micro850.Micro850.Main.ARD_1.Q	TRUE
Controller.Micro850.Micro850.Main.ARL_1.ARLInput.Cancel	FALSE
Controller.Micro850.Micro850.Main.ARL_1.ARLInput.Channel	0
Controller.Micro850.Micro850.Main.ARL_1.ARLInput.Length	0
Controller.Micro850.Micro850.Main.ARL_1.controlbit	0
Controller.Micro850.Micro850.Main.ARL_1.Destination[1]	0
Controller.Micro850.Micro850.Main.ARL_1.Destination[10]	0
Controller.Micro850.Micro850.Main.ARL_1.Destination[11]	0
Controller.Micro850.Micro850.Main.ARL_1.Destination[12]	0
Controller.Micro850.Micro850.Main.ARL_1.Destination[13]	0
Controller.Micro850.Micro850.Main.ARL_1.Destination[14]	0
Controller.Micro850.Micro850.Main.ARL_1.Destination[15]	0
Controller.Micro850.Micro850.Main.ARL_1.Destination[16]	0
Controller.Micro850.Micro850.Main.ARL_1.Destination[17]	0
Controller.Micro850.Micro850.Main.ARL_1.Destination[18]	0
Controller.Micro850.Micro850.Main.ARL_1.Destination[19]	0
Controller.Micro850.Micro850.Main.ARL_1.Destination[2]	0
Controller.Micro850.Micro850.Main.ARL_1.Destination[20]	0
Controller.Micro850.Micro850.Main.ARL_1.Destination[21]	0
Controller.Micro850.Micro850.Main.ARL_1.Destination[22]	0
Controller.Micro850.Micro850.Main.ARL_1.Destination[23]	0
Controller.Micro850.Micro850.Main.ARL_1.Destination[24]	0
Controller.Micro850.Micro850.Main.ARL_1.Destination[25]	0
Controller.Micro850.Micro850.Main.ARL_1.Destination[26]	0
Controller.Micro850.Micro850.Main.ARL_1.Destination[27]	0
Controller.Micro850.Micro850.Main.ARL_1.Destination[28]	0
Controller.Micro850.Micro850.Main.ARL_1.Destination[29]	0
Controller.Micro850.Micro850.Main.ARL_1.Destination[3]	0
Controller.Micro850.Micro850.Main.ARL_1.Destination[30]	0
Controller.Micro850.Micro850.Main.ARL_1.Destination[31]	0
Controller.Micro850.Micro850.Main.ARL_1.Destination[32]	0
Controller.Micro850.Micro850.Main.ARL_1.Destination[33]	0
Controller.Micro850.Micro850.Main.ARL_1.Destination[34]	0
Controller.Micro850.Micro850.Main.ARL_1.Destination[35]	0
Controller.Micro850.Micro850.Main.ARL_1.Destination[36]	0
Controller.Micro850.Micro850.Main.ARL_1.Destination[37]	0
Controller.Micro850.Micro850.Main.ARL_1.Destination[38]	0
Controller.Micro850.Micro850.Main.ARL_1.Destination[39]	0
Controller.Micro850.Micro850.Main.ARL_1.Destination[4]	0
Controller.Micro850.Micro850.Main.ARL_1.Destination[40]	0
Controller.Micro850.Micro850.Main.ARL_1.Destination[41]	0
Controller.Micro850.Micro850.Main.ARL_1.Destination[42]	0
Controller.Micro850.Micro850.Main.ARL_1.Destination[43]	0
Controller.Micro850.Micro850.Main.ARL_1.Destination[44]	0
Controller.Micro850.Micro850.Main.ARL_1.Destination[45]	0
Controller.Micro850.Micro850.Main.ARL_1.Destination[46]	0
Controller.Micro850.Micro850.Main.ARL_1.Destination[47]	0
Controller.Micro850.Micro850.Main.ARL_1.Destination[48]	0
Controller.Micro850.Micro850.Main.ARL_1.Destination[49]	0
Controller.Micro850.Micro850.Main.ARL_1.Destination[5]	0
Controller.Micro850.Micro850.Main.ARL_1.Destination[50]	0
Controller.Micro850.Micro850.Main.ARL_1.Destination[51]	0
Controller.Micro850.Micro850.Main.ARL_1.Destination[52]	0
Controller.Micro850.Micro850.Main.ARL_1.Destination[53]	0
Controller.Micro850.Micro850.Main.ARL_1.Destination[54]	0
Controller.Micro850.Micro850.Main.ARL_1.Destination[55]	0
Controller.Micro850.Micro850.Main.ARL_1.Destination[56]	0
Controller.Micro850.Micro850.Main.ARL_1.Destination[57]	0
Controller.Micro850.Micro850.Main.ARL_1.Destination[58]	0
Controller.Micro850.Micro850.Main.ARL_1.Destination[59]	0
Controller.Micro850.Micro850.Main.ARL_1.Destination[6]	0
Controller.Micro850.Micro850.Main.ARL_1.Destination[60]	0
Controller.Micro850.Micro850.Main.ARL_1.Destination[61]	0
Controller.Micro850.Micro850.Main.ARL_1.Destination[62]	0
Controller.Micro850.Micro850.Main.ARL_1.Destination[63]	0
Controller.Micro850.Micro850.Main.ARL_1.Destination[64]	0
Controller.Micro850.Micro850.Main.ARL_1.Destination[65]	0
Controller.Micro850.Micro850.Main.ARL_1.Destination[66]	0
Controller.Micro850.Micro850.Main.ARL_1.Destination[67]	0
Controller.Micro850.Micro850.Main.ARL_1.Destination[68]	0
Controller.Micro850.Micro850.Main.ARL_1.Destination[69]	0
Controller.Micro850.Micro850.Main.ARL_1.Destination[7]	0
Controller.Micro850.Micro850.Main.ARL_1.Destination[70]	0
Controller.Micro850.Micro850.Main.ARL_1.Destination[71]	0
Controller.Micro850.Micro850.Main.ARL_1.Destination[72]	0
Controller.Micro850.Micro850.Main.ARL_1.Destination[73]	0
Controller.Micro850.Micro850.Main.ARL_1.Destination[74]	0
Controller.Micro850.Micro850.Main.ARL_1.Destination[75]	0
Controller.Micro850.Micro850.Main.ARL_1.Destination[76]	0
Controller.Micro850.Micro850.Main.ARL_1.Destination[77]	0
Controller.Micro850.Micro850.Main.ARL_1.Destination[78]	0
Controller.Micro850.Micro850.Main.ARL_1.Destination[79]	0
Controller.Micro850.Micro850.Main.ARL_1.Destination[8]	0
Controller.Micro850.Micro850.Main.ARL_1.Destination[80]	0
Controller.Micro850.Micro850.Main.ARL_1.Destination[81]	0
Controller.Micro850.Micro850.Main.ARL_1.Destination[82]	0
Controller.Micro850.Micro850.Main.ARL_1.Destination[9]	0
Controller.Micro850.Micro850.Main.ARL_1.Error	FALSE
Controller.Micro850.Micro850.Main.ARL_1.ErrorID	0
Controller.Micro850.Micro850.Main.ARL_1.IN	FALSE
Controller.Micro850.Micro850.Main.ARL_1.NumChar	0
Controller.Micro850.Micro850.Main.ARL_1.Q	FALSE
Controller.Micro850.Micro850.Main.AWT_1.__ADI_Source	16
Controller.Micro850.Micro850.Main.AWT_1.AWTInput.Cancel	FALSE
Controller.Micro850.Micro850.Main.AWT_1.AWTInput.Channel	5
Controller.Micro850.Micro850.Main.AWT_1.AWTInput.Length	9
Controller.Micro850.Micro850.Main.AWT_1.controlbit	0
Controller.Micro850.Micro850.Main.AWT_1.Error	FALSE
Controller.Micro850.Micro850.Main.AWT_1.ErrorID	0
Controller.Micro850.Micro850.Main.AWT_1.IN	FALSE
Controller.Micro850.Micro850.Main.AWT_1.NumChar	9
Controller.Micro850.Micro850.Main.AWT_1.Q	TRUE
Controller.Micro850.Micro850.Main.AWT_1.Source[1]	0
Controller.Micro850.Micro850.Main.AWT_1.Source[10]	0
Controller.Micro850.Micro850.Main.AWT_1.Source[11]	0
Controller.Micro850.Micro850.Main.AWT_1.Source[12]	0
Controller.Micro850.Micro850.Main.AWT_1.Source[13]	0
Controller.Micro850.Micro850.Main.AWT_1.Source[14]	0
Controller.Micro850.Micro850.Main.AWT_1.Source[15]	0
Controller.Micro850.Micro850.Main.AWT_1.Source[16]	0
Controller.Micro850.Micro850.Main.AWT_1.Source[17]	0
Controller.Micro850.Micro850.Main.AWT_1.Source[18]	0
Controller.Micro850.Micro850.Main.AWT_1.Source[19]	0
Controller.Micro850.Micro850.Main.AWT_1.Source[2]	0
Controller.Micro850.Micro850.Main.AWT_1.Source[20]	0
Controller.Micro850.Micro850.Main.AWT_1.Source[21]	0
Controller.Micro850.Micro850.Main.AWT_1.Source[22]	0
Controller.Micro850.Micro850.Main.AWT_1.Source[23]	0
Controller.Micro850.Micro850.Main.AWT_1.Source[24]	0
Controller.Micro850.Micro850.Main.AWT_1.Source[25]	0
Controller.Micro850.Micro850.Main.AWT_1.Source[26]	0
Controller.Micro850.Micro850.Main.AWT_1.Source[27]	0
Controller.Micro850.Micro850.Main.AWT_1.Source[28]	0
Controller.Micro850.Micro850.Main.AWT_1.Source[29]	0
Controller.Micro850.Micro850.Main.AWT_1.Source[3]	0
Controller.Micro850.Micro850.Main.AWT_1.Source[30]	0
Controller.Micro850.Micro850.Main.AWT_1.Source[31]	0
Controller.Micro850.Micro850.Main.AWT_1.Source[32]	0
Controller.Micro850.Micro850.Main.AWT_1.Source[33]	0
Controller.Micro850.Micro850.Main.AWT_1.Source[34]	0
Controller.Micro850.Micro850.Main.AWT_1.Source[35]	0
Controller.Micro850.Micro850.Main.AWT_1.Source[36]	0
Controller.Micro850.Micro850.Main.AWT_1.Source[37]	0
Controller.Micro850.Micro850.Main.AWT_1.Source[38]	0
Controller.Micro850.Micro850.Main.AWT_1.Source[39]	0
Controller.Micro850.Micro850.Main.AWT_1.Source[4]	0
Controller.Micro850.Micro850.Main.AWT_1.Source[40]	0
Controller.Micro850.Micro850.Main.AWT_1.Source[41]	0
Controller.Micro850.Micro850.Main.AWT_1.Source[42]	0
Controller.Micro850.Micro850.Main.AWT_1.Source[43]	0
Controller.Micro850.Micro850.Main.AWT_1.Source[44]	0
Controller.Micro850.Micro850.Main.AWT_1.Source[45]	0
Controller.Micro850.Micro850.Main.AWT_1.Source[46]	0
Controller.Micro850.Micro850.Main.AWT_1.Source[47]	0
Controller.Micro850.Micro850.Main.AWT_1.Source[48]	0
Controller.Micro850.Micro850.Main.AWT_1.Source[49]	0
Controller.Micro850.Micro850.Main.AWT_1.Source[5]	0
Controller.Micro850.Micro850.Main.AWT_1.Source[50]	0
Controller.Micro850.Micro850.Main.AWT_1.Source[51]	0
Controller.Micro850.Micro850.Main.AWT_1.Source[52]	0
Controller.Micro850.Micro850.Main.AWT_1.Source[53]	0
Controller.Micro850.Micro850.Main.AWT_1.Source[54]	0
Controller.Micro850.Micro850.Main.AWT_1.Source[55]	0
Controller.Micro850.Micro850.Main.AWT_1.Source[56]	0
Controller.Micro850.Micro850.Main.AWT_1.Source[57]	0
Controller.Micro850.Micro850.Main.AWT_1.Source[58]	0
Controller.Micro850.Micro850.Main.AWT_1.Source[59]	0
Controller.Micro850.Micro850.Main.AWT_1.Source[6]	0
Controller.Micro850.Micro850.Main.AWT_1.Source[60]	0
Controller.Micro850.Micro850.Main.AWT_1.Source[61]	0
Controller.Micro850.Micro850.Main.AWT_1.Source[62]	0
Controller.Micro850.Micro850.Main.AWT_1.Source[63]	0
Controller.Micro850.Micro850.Main.AWT_1.Source[64]	0
Controller.Micro850.Micro850.Main.AWT_1.Source[65]	0
Controller.Micro850.Micro850.Main.AWT_1.Source[66]	0
Controller.Micro850.Micro850.Main.AWT_1.Source[67]	0
Controller.Micro850.Micro850.Main.AWT_1.Source[68]	0
Controller.Micro850.Micro850.Main.AWT_1.Source[69]	0
Controller.Micro850.Micro850.Main.AWT_1.Source[7]	0
Controller.Micro850.Micro850.Main.AWT_1.Source[70]	0
Controller.Micro850.Micro850.Main.AWT_1.Source[71]	0
Controller.Micro850.Micro850.Main.AWT_1.Source[72]	0
Controller.Micro850.Micro850.Main.AWT_1.Source[73]	0
Controller.Micro850.Micro850.Main.AWT_1.Source[74]	0
Controller.Micro850.Micro850.Main.AWT_1.Source[75]	0
Controller.Micro850.Micro850.Main.AWT_1.Source[76]	0
Controller.Micro850.Micro850.Main.AWT_1.Source[77]	0
Controller.Micro850.Micro850.Main.AWT_1.Source[78]	0
Controller.Micro850.Micro850.Main.AWT_1.Source[79]	0
Controller.Micro850.Micro850.Main.AWT_1.Source[8]	70
Controller.Micro850.Micro850.Main.AWT_1.Source[80]	0
Controller.Micro850.Micro850.Main.AWT_1.Source[81]	0
Controller.Micro850.Micro850.Main.AWT_1.Source[82]	0
Controller.Micro850.Micro850.Main.AWT_1.Source[9]	117
Controller.Micro850.Micro850.Main.buffer_input[0]	0
Controller.Micro850.Micro850.Main.buffer_input[1]	0
Controller.Micro850.Micro850.Main.buffer_input[2]	0
Controller.Micro850.Micro850.Main.buffer_input[3]	0
Controller.Micro850.Micro850.Main.buffer_input[4]	0
Controller.Micro850.Micro850.Main.buffer_input[5]	0
Controller.Micro850.Micro850.Main.buffer_input[6]	0
Controller.Micro850.Micro850.Main.buffer_input[7]	0
Controller.Micro850.Micro850.Main.buffer_input[8]	0
Controller.Micro850.Micro850.Main.bytelower	
Controller.Micro850.Micro850.Main.byteupper	
Controller.Micro850.Micro850.Main.clear_buffer	FALSE
Controller.Micro850.Micro850.Main.CommandTest[1]	0
Controller.Micro850.Micro850.Main.CommandTest[10]	0
Controller.Micro850.Micro850.Main.CommandTest[11]	0
Controller.Micro850.Micro850.Main.CommandTest[12]	0
Controller.Micro850.Micro850.Main.CommandTest[13]	0
Controller.Micro850.Micro850.Main.CommandTest[14]	0
Controller.Micro850.Micro850.Main.CommandTest[15]	0
Controller.Micro850.Micro850.Main.CommandTest[16]	0
Controller.Micro850.Micro850.Main.CommandTest[17]	0
Controller.Micro850.Micro850.Main.CommandTest[18]	0
Controller.Micro850.Micro850.Main.CommandTest[19]	0
Controller.Micro850.Micro850.Main.CommandTest[2]	0
Controller.Micro850.Micro850.Main.CommandTest[20]	0
Controller.Micro850.Micro850.Main.CommandTest[21]	0
Controller.Micro850.Micro850.Main.CommandTest[22]	0
Controller.Micro850.Micro850.Main.CommandTest[23]	0
Controller.Micro850.Micro850.Main.CommandTest[24]	0
Controller.Micro850.Micro850.Main.CommandTest[25]	0
Controller.Micro850.Micro850.Main.CommandTest[26]	0
Controller.Micro850.Micro850.Main.CommandTest[27]	0
Controller.Micro850.Micro850.Main.CommandTest[28]	0
Controller.Micro850.Micro850.Main.CommandTest[29]	0
Controller.Micro850.Micro850.Main.CommandTest[3]	0
Controller.Micro850.Micro850.Main.CommandTest[30]	0
Controller.Micro850.Micro850.Main.CommandTest[31]	0
Controller.Micro850.Micro850.Main.CommandTest[32]	0
Controller.Micro850.Micro850.Main.CommandTest[33]	0
Controller.Micro850.Micro850.Main.CommandTest[34]	0
Controller.Micro850.Micro850.Main.CommandTest[35]	0
Controller.Micro850.Micro850.Main.CommandTest[36]	0
Controller.Micro850.Micro850.Main.CommandTest[37]	0
Controller.Micro850.Micro850.Main.CommandTest[38]	0
Controller.Micro850.Micro850.Main.CommandTest[39]	0
Controller.Micro850.Micro850.Main.CommandTest[4]	0
Controller.Micro850.Micro850.Main.CommandTest[40]	0
Controller.Micro850.Micro850.Main.CommandTest[41]	0
Controller.Micro850.Micro850.Main.CommandTest[42]	0
Controller.Micro850.Micro850.Main.CommandTest[43]	0
Controller.Micro850.Micro850.Main.CommandTest[44]	0
Controller.Micro850.Micro850.Main.CommandTest[45]	0
Controller.Micro850.Micro850.Main.CommandTest[46]	0
Controller.Micro850.Micro850.Main.CommandTest[47]	0
Controller.Micro850.Micro850.Main.CommandTest[48]	0
Controller.Micro850.Micro850.Main.CommandTest[49]	0
Controller.Micro850.Micro850.Main.CommandTest[5]	0
Controller.Micro850.Micro850.Main.CommandTest[50]	0
Controller.Micro850.Micro850.Main.CommandTest[51]	0
Controller.Micro850.Micro850.Main.CommandTest[52]	0
Controller.Micro850.Micro850.Main.CommandTest[53]	0
Controller.Micro850.Micro850.Main.CommandTest[54]	0
Controller.Micro850.Micro850.Main.CommandTest[55]	0
Controller.Micro850.Micro850.Main.CommandTest[56]	0
Controller.Micro850.Micro850.Main.CommandTest[57]	0
Controller.Micro850.Micro850.Main.CommandTest[58]	0
Controller.Micro850.Micro850.Main.CommandTest[59]	0
Controller.Micro850.Micro850.Main.CommandTest[6]	0
Controller.Micro850.Micro850.Main.CommandTest[60]	0
Controller.Micro850.Micro850.Main.CommandTest[61]	0
Controller.Micro850.Micro850.Main.CommandTest[62]	0
Controller.Micro850.Micro850.Main.CommandTest[63]	0
Controller.Micro850.Micro850.Main.CommandTest[64]	0
Controller.Micro850.Micro850.Main.CommandTest[65]	0
Controller.Micro850.Micro850.Main.CommandTest[66]	0
Controller.Micro850.Micro850.Main.CommandTest[67]	0
Controller.Micro850.Micro850.Main.CommandTest[68]	0
Controller.Micro850.Micro850.Main.CommandTest[69]	0
Controller.Micro850.Micro850.Main.CommandTest[7]	0
Controller.Micro850.Micro850.Main.CommandTest[70]	0
Controller.Micro850.Micro850.Main.CommandTest[71]	0
Controller.Micro850.Micro850.Main.CommandTest[72]	0
Controller.Micro850.Micro850.Main.CommandTest[73]	0
Controller.Micro850.Micro850.Main.CommandTest[74]	0
Controller.Micro850.Micro850.Main.CommandTest[75]	0
Controller.Micro850.Micro850.Main.CommandTest[76]	0
Controller.Micro850.Micro850.Main.CommandTest[77]	0
Controller.Micro850.Micro850.Main.CommandTest[78]	0
Controller.Micro850.Micro850.Main.CommandTest[79]	0
Controller.Micro850.Micro850.Main.CommandTest[8]	70
Controller.Micro850.Micro850.Main.CommandTest[80]	0
Controller.Micro850.Micro850.Main.CommandTest[81]	0
Controller.Micro850.Micro850.Main.CommandTest[82]	0
Controller.Micro850.Micro850.Main.CommandTest[9]	117
Controller.Micro850.Micro850.Main.COP_1.__ADI_Dest	2
Controller.Micro850.Micro850.Main.COP_1.__ADI_Src	2
Controller.Micro850.Micro850.Main.COP_1.__DTI_Dest	12
Controller.Micro850.Micro850.Main.COP_1.__DTI_Src	12
Controller.Micro850.Micro850.Main.COP_1.Dest[1]	
Controller.Micro850.Micro850.Main.COP_1.DestOffset	0
Controller.Micro850.Micro850.Main.COP_1.Enable	FALSE
Controller.Micro850.Micro850.Main.COP_1.Length	0
Controller.Micro850.Micro850.Main.COP_1.Src[1]	
Controller.Micro850.Micro850.Main.COP_1.SrcOffset	0
Controller.Micro850.Micro850.Main.COP_1.Sts	0
Controller.Micro850.Micro850.Main.COP_1.Swap	FALSE
Controller.Micro850.Micro850.Main.COP_Special_1.i	9
Controller.Micro850.Micro850.Main.COP_Special_1.input[1]	0
Controller.Micro850.Micro850.Main.COP_Special_1.input[10]	0
Controller.Micro850.Micro850.Main.COP_Special_1.input[11]	0
Controller.Micro850.Micro850.Main.COP_Special_1.input[12]	0
Controller.Micro850.Micro850.Main.COP_Special_1.input[13]	0
Controller.Micro850.Micro850.Main.COP_Special_1.input[14]	0
Controller.Micro850.Micro850.Main.COP_Special_1.input[15]	0
Controller.Micro850.Micro850.Main.COP_Special_1.input[16]	0
Controller.Micro850.Micro850.Main.COP_Special_1.input[17]	0
Controller.Micro850.Micro850.Main.COP_Special_1.input[18]	0
Controller.Micro850.Micro850.Main.COP_Special_1.input[19]	0
Controller.Micro850.Micro850.Main.COP_Special_1.input[2]	0
Controller.Micro850.Micro850.Main.COP_Special_1.input[20]	0
Controller.Micro850.Micro850.Main.COP_Special_1.input[21]	0
Controller.Micro850.Micro850.Main.COP_Special_1.input[22]	0
Controller.Micro850.Micro850.Main.COP_Special_1.input[23]	0
Controller.Micro850.Micro850.Main.COP_Special_1.input[24]	0
Controller.Micro850.Micro850.Main.COP_Special_1.input[25]	0
Controller.Micro850.Micro850.Main.COP_Special_1.input[26]	0
Controller.Micro850.Micro850.Main.COP_Special_1.input[27]	0
Controller.Micro850.Micro850.Main.COP_Special_1.input[28]	0
Controller.Micro850.Micro850.Main.COP_Special_1.input[29]	0
Controller.Micro850.Micro850.Main.COP_Special_1.input[3]	0
Controller.Micro850.Micro850.Main.COP_Special_1.input[30]	0
Controller.Micro850.Micro850.Main.COP_Special_1.input[31]	0
Controller.Micro850.Micro850.Main.COP_Special_1.input[32]	0
Controller.Micro850.Micro850.Main.COP_Special_1.input[33]	0
Controller.Micro850.Micro850.Main.COP_Special_1.input[34]	0
Controller.Micro850.Micro850.Main.COP_Special_1.input[35]	0
Controller.Micro850.Micro850.Main.COP_Special_1.input[36]	0
Controller.Micro850.Micro850.Main.COP_Special_1.input[37]	0
Controller.Micro850.Micro850.Main.COP_Special_1.input[38]	0
Controller.Micro850.Micro850.Main.COP_Special_1.input[39]	0
Controller.Micro850.Micro850.Main.COP_Special_1.input[4]	0
Controller.Micro850.Micro850.Main.COP_Special_1.input[40]	0
Controller.Micro850.Micro850.Main.COP_Special_1.input[41]	0
Controller.Micro850.Micro850.Main.COP_Special_1.input[42]	0
Controller.Micro850.Micro850.Main.COP_Special_1.input[43]	0
Controller.Micro850.Micro850.Main.COP_Special_1.input[44]	0
Controller.Micro850.Micro850.Main.COP_Special_1.input[45]	0
Controller.Micro850.Micro850.Main.COP_Special_1.input[46]	0
Controller.Micro850.Micro850.Main.COP_Special_1.input[47]	0
Controller.Micro850.Micro850.Main.COP_Special_1.input[48]	0
Controller.Micro850.Micro850.Main.COP_Special_1.input[49]	0
Controller.Micro850.Micro850.Main.COP_Special_1.input[5]	0
Controller.Micro850.Micro850.Main.COP_Special_1.input[50]	0
Controller.Micro850.Micro850.Main.COP_Special_1.input[51]	0
Controller.Micro850.Micro850.Main.COP_Special_1.input[52]	0
Controller.Micro850.Micro850.Main.COP_Special_1.input[53]	0
Controller.Micro850.Micro850.Main.COP_Special_1.input[54]	0
Controller.Micro850.Micro850.Main.COP_Special_1.input[55]	0
Controller.Micro850.Micro850.Main.COP_Special_1.input[56]	0
Controller.Micro850.Micro850.Main.COP_Special_1.input[57]	0
Controller.Micro850.Micro850.Main.COP_Special_1.input[58]	0
Controller.Micro850.Micro850.Main.COP_Special_1.input[59]	0
Controller.Micro850.Micro850.Main.COP_Special_1.input[6]	0
Controller.Micro850.Micro850.Main.COP_Special_1.input[60]	0
Controller.Micro850.Micro850.Main.COP_Special_1.input[61]	0
Controller.Micro850.Micro850.Main.COP_Special_1.input[62]	0
Controller.Micro850.Micro850.Main.COP_Special_1.input[63]	0
Controller.Micro850.Micro850.Main.COP_Special_1.input[64]	0
Controller.Micro850.Micro850.Main.COP_Special_1.input[65]	0
Controller.Micro850.Micro850.Main.COP_Special_1.input[66]	0
Controller.Micro850.Micro850.Main.COP_Special_1.input[67]	0
Controller.Micro850.Micro850.Main.COP_Special_1.input[68]	0
Controller.Micro850.Micro850.Main.COP_Special_1.input[69]	0
Controller.Micro850.Micro850.Main.COP_Special_1.input[7]	0
Controller.Micro850.Micro850.Main.COP_Special_1.input[70]	0
Controller.Micro850.Micro850.Main.COP_Special_1.input[71]	0
Controller.Micro850.Micro850.Main.COP_Special_1.input[72]	0
Controller.Micro850.Micro850.Main.COP_Special_1.input[73]	0
Controller.Micro850.Micro850.Main.COP_Special_1.input[74]	0
Controller.Micro850.Micro850.Main.COP_Special_1.input[75]	0
Controller.Micro850.Micro850.Main.COP_Special_1.input[76]	0
Controller.Micro850.Micro850.Main.COP_Special_1.input[77]	0
Controller.Micro850.Micro850.Main.COP_Special_1.input[78]	0
Controller.Micro850.Micro850.Main.COP_Special_1.input[79]	0
Controller.Micro850.Micro850.Main.COP_Special_1.input[8]	70
Controller.Micro850.Micro850.Main.COP_Special_1.input[80]	0
Controller.Micro850.Micro850.Main.COP_Special_1.input[81]	0
Controller.Micro850.Micro850.Main.COP_Special_1.input[82]	0
Controller.Micro850.Micro850.Main.COP_Special_1.input[9]	117
Controller.Micro850.Micro850.Main.COP_Special_1.output[0]	85
Controller.Micro850.Micro850.Main.COP_Special_1.output[1]	255
Controller.Micro850.Micro850.Main.COP_Special_1.output[2]	11
Controller.Micro850.Micro850.Main.COP_Special_1.output[3]	15
Controller.Micro850.Micro850.Main.COP_Special_1.output[4]	0
Controller.Micro850.Micro850.Main.COP_Special_1.output[5]	25
Controller.Micro850.Micro850.Main.COP_Special_1.output[6]	0
Controller.Micro850.Micro850.Main.COP_Special_1.output[7]	0
Controller.Micro850.Micro850.Main.COP_Special_1.output[8]	0
Controller.Micro850.Micro850.Main.COP_Special_1.Start	TRUE
Controller.Micro850.Micro850.Main.des[1]	0
Controller.Micro850.Micro850.Main.des[10]	0
Controller.Micro850.Micro850.Main.des[11]	0
Controller.Micro850.Micro850.Main.des[12]	0
Controller.Micro850.Micro850.Main.des[13]	0
Controller.Micro850.Micro850.Main.des[14]	0
Controller.Micro850.Micro850.Main.des[15]	0
Controller.Micro850.Micro850.Main.des[16]	0
Controller.Micro850.Micro850.Main.des[17]	0
Controller.Micro850.Micro850.Main.des[18]	0
Controller.Micro850.Micro850.Main.des[19]	0
Controller.Micro850.Micro850.Main.des[2]	0
Controller.Micro850.Micro850.Main.des[20]	0
Controller.Micro850.Micro850.Main.des[21]	0
Controller.Micro850.Micro850.Main.des[22]	0
Controller.Micro850.Micro850.Main.des[23]	0
Controller.Micro850.Micro850.Main.des[24]	0
Controller.Micro850.Micro850.Main.des[25]	0
Controller.Micro850.Micro850.Main.des[26]	0
Controller.Micro850.Micro850.Main.des[27]	0
Controller.Micro850.Micro850.Main.des[28]	0
Controller.Micro850.Micro850.Main.des[29]	0
Controller.Micro850.Micro850.Main.des[3]	0
Controller.Micro850.Micro850.Main.des[30]	0
Controller.Micro850.Micro850.Main.des[31]	0
Controller.Micro850.Micro850.Main.des[32]	0
Controller.Micro850.Micro850.Main.des[33]	0
Controller.Micro850.Micro850.Main.des[34]	0
Controller.Micro850.Micro850.Main.des[35]	0
Controller.Micro850.Micro850.Main.des[36]	0
Controller.Micro850.Micro850.Main.des[37]	0
Controller.Micro850.Micro850.Main.des[38]	0
Controller.Micro850.Micro850.Main.des[39]	0
Controller.Micro850.Micro850.Main.des[4]	0
Controller.Micro850.Micro850.Main.des[40]	0
Controller.Micro850.Micro850.Main.des[41]	0
Controller.Micro850.Micro850.Main.des[42]	0
Controller.Micro850.Micro850.Main.des[43]	0
Controller.Micro850.Micro850.Main.des[44]	0
Controller.Micro850.Micro850.Main.des[45]	0
Controller.Micro850.Micro850.Main.des[46]	0
Controller.Micro850.Micro850.Main.des[47]	0
Controller.Micro850.Micro850.Main.des[48]	0
Controller.Micro850.Micro850.Main.des[49]	0
Controller.Micro850.Micro850.Main.des[5]	0
Controller.Micro850.Micro850.Main.des[50]	0
Controller.Micro850.Micro850.Main.des[51]	0
Controller.Micro850.Micro850.Main.des[52]	0
Controller.Micro850.Micro850.Main.des[53]	0
Controller.Micro850.Micro850.Main.des[54]	0
Controller.Micro850.Micro850.Main.des[55]	0
Controller.Micro850.Micro850.Main.des[56]	0
Controller.Micro850.Micro850.Main.des[57]	0
Controller.Micro850.Micro850.Main.des[58]	0
Controller.Micro850.Micro850.Main.des[59]	0
Controller.Micro850.Micro850.Main.des[6]	0
Controller.Micro850.Micro850.Main.des[60]	0
Controller.Micro850.Micro850.Main.des[61]	0
Controller.Micro850.Micro850.Main.des[62]	0
Controller.Micro850.Micro850.Main.des[63]	0
Controller.Micro850.Micro850.Main.des[64]	0
Controller.Micro850.Micro850.Main.des[65]	0
Controller.Micro850.Micro850.Main.des[66]	0
Controller.Micro850.Micro850.Main.des[67]	0
Controller.Micro850.Micro850.Main.des[68]	0
Controller.Micro850.Micro850.Main.des[69]	0
Controller.Micro850.Micro850.Main.des[7]	0
Controller.Micro850.Micro850.Main.des[70]	0
Controller.Micro850.Micro850.Main.des[71]	0
Controller.Micro850.Micro850.Main.des[72]	0
Controller.Micro850.Micro850.Main.des[73]	0
Controller.Micro850.Micro850.Main.des[74]	0
Controller.Micro850.Micro850.Main.des[75]	0
Controller.Micro850.Micro850.Main.des[76]	0
Controller.Micro850.Micro850.Main.des[77]	0
Controller.Micro850.Micro850.Main.des[78]	0
Controller.Micro850.Micro850.Main.des[79]	0
Controller.Micro850.Micro850.Main.des[8]	0
Controller.Micro850.Micro850.Main.des[80]	0
Controller.Micro850.Micro850.Main.des[81]	0
Controller.Micro850.Micro850.Main.des[82]	0
Controller.Micro850.Micro850.Main.des[9]	0
Controller.Micro850.Micro850.Main.error	FALSE
Controller.Micro850.Micro850.Main.error2	FALSE
Controller.Micro850.Micro850.Main.errorid2	0
Controller.Micro850.Micro850.Main.Generate_Bytes_1.input	18037
Controller.Micro850.Micro850.Main.Generate_Bytes_1.lower_byte	117
Controller.Micro850.Micro850.Main.Generate_Bytes_1.Start	TRUE
Controller.Micro850.Micro850.Main.Generate_Bytes_1.upper_byte	70
Controller.Micro850.Micro850.Main.Generate_CRC_1.i	9
Controller.Micro850.Micro850.Main.Generate_CRC_1.input[0]	85
Controller.Micro850.Micro850.Main.Generate_CRC_1.input[1]	255
Controller.Micro850.Micro850.Main.Generate_CRC_1.input[2]	11
Controller.Micro850.Micro850.Main.Generate_CRC_1.input[3]	15
Controller.Micro850.Micro850.Main.Generate_CRC_1.input[4]	0
Controller.Micro850.Micro850.Main.Generate_CRC_1.input[5]	25
Controller.Micro850.Micro850.Main.Generate_CRC_1.input[6]	0
Controller.Micro850.Micro850.Main.Generate_CRC_1.input[7]	0
Controller.Micro850.Micro850.Main.Generate_CRC_1.input[8]	0
Controller.Micro850.Micro850.Main.Generate_CRC_1.j	8
Controller.Micro850.Micro850.Main.Generate_CRC_1.mask	0
Controller.Micro850.Micro850.Main.Generate_CRC_1.msbit	32768
Controller.Micro850.Micro850.Main.Generate_CRC_1.output	18037
Controller.Micro850.Micro850.Main.Generate_CRC_1.R_TRIG_1.CLK	FALSE
Controller.Micro850.Micro850.Main.Generate_CRC_1.R_TRIG_1.Q	FALSE
Controller.Micro850.Micro850.Main.Generate_CRC_1.R_TRIG_1.Redge	FALSE
Controller.Micro850.Micro850.Main.Generate_CRC_1.remainder	18037
Controller.Micro850.Micro850.Main.Generate_CRC_1.start	TRUE
Controller.Micro850.Micro850.Main.getLEDPos_1.base2	0.0
Controller.Micro850.Micro850.Main.getLEDPos_1.bitpos	0.0
Controller.Micro850.Micro850.Main.getLEDPos_1.column	25
Controller.Micro850.Micro850.Main.getLEDPos_1.inputPos	8
Controller.Micro850.Micro850.Main.getLEDPos_1.modResult	0
Controller.Micro850.Micro850.Main.getLEDPos_1.outColumn	25
Controller.Micro850.Micro850.Main.getLEDPos_1.outRow	15
Controller.Micro850.Micro850.Main.getLEDPos_1.row	15
Controller.Micro850.Micro850.Main.getLEDPos_2.base2	0.0
Controller.Micro850.Micro850.Main.getLEDPos_2.bitpos	0.0
Controller.Micro850.Micro850.Main.getLEDPos_2.column	0
Controller.Micro850.Micro850.Main.getLEDPos_2.inputPos	0
Controller.Micro850.Micro850.Main.getLEDPos_2.modResult	0
Controller.Micro850.Micro850.Main.getLEDPos_2.outColumn	0
Controller.Micro850.Micro850.Main.getLEDPos_2.outRow	0
Controller.Micro850.Micro850.Main.getLEDPos_2.row	0
Controller.Micro850.Micro850.Main.id	0
Controller.Micro850.Micro850.Main.in	TRUE
Controller.Micro850.Micro850.Main.in_abl	FALSE
Controller.Micro850.Micro850.Main.in_acb	FALSE
Controller.Micro850.Micro850.Main.input.Cancel	FALSE
Controller.Micro850.Micro850.Main.input.Channel	5
Controller.Micro850.Micro850.Main.input.Length	9
Controller.Micro850.Micro850.Main.input_abl.Cancel	FALSE
Controller.Micro850.Micro850.Main.input_abl.Channel	0
Controller.Micro850.Micro850.Main.input_abl.TriggerType	0
Controller.Micro850.Micro850.Main.input_acb.Cancel	FALSE
Controller.Micro850.Micro850.Main.input_acb.Channel	5
Controller.Micro850.Micro850.Main.input_acb.TriggerType	1
Controller.Micro850.Micro850.Main.input_acl.Channel	5
Controller.Micro850.Micro850.Main.input_acl.RXBuffer	TRUE
Controller.Micro850.Micro850.Main.input_acl.TXBuffer	FALSE
Controller.Micro850.Micro850.Main.input_arl.Cancel	FALSE
Controller.Micro850.Micro850.Main.input_arl.Channel	0
Controller.Micro850.Micro850.Main.input_arl.Length	0
Controller.Micro850.Micro850.Main.k	16
Controller.Micro850.Micro850.Main.led_bool[1]	FALSE
Controller.Micro850.Micro850.Main.led_bool[10]	FALSE
Controller.Micro850.Micro850.Main.led_bool[11]	FALSE
Controller.Micro850.Micro850.Main.led_bool[12]	FALSE
Controller.Micro850.Micro850.Main.led_bool[13]	FALSE
Controller.Micro850.Micro850.Main.led_bool[14]	FALSE
Controller.Micro850.Micro850.Main.led_bool[15]	FALSE
Controller.Micro850.Micro850.Main.led_bool[16]	FALSE
Controller.Micro850.Micro850.Main.led_bool[17]	FALSE
Controller.Micro850.Micro850.Main.led_bool[18]	FALSE
Controller.Micro850.Micro850.Main.led_bool[19]	FALSE
Controller.Micro850.Micro850.Main.led_bool[2]	FALSE
Controller.Micro850.Micro850.Main.led_bool[20]	FALSE
Controller.Micro850.Micro850.Main.led_bool[21]	FALSE
Controller.Micro850.Micro850.Main.led_bool[22]	FALSE
Controller.Micro850.Micro850.Main.led_bool[23]	FALSE
Controller.Micro850.Micro850.Main.led_bool[24]	FALSE
Controller.Micro850.Micro850.Main.led_bool[25]	FALSE
Controller.Micro850.Micro850.Main.led_bool[26]	FALSE
Controller.Micro850.Micro850.Main.led_bool[27]	FALSE
Controller.Micro850.Micro850.Main.led_bool[28]	FALSE
Controller.Micro850.Micro850.Main.led_bool[29]	FALSE
Controller.Micro850.Micro850.Main.led_bool[3]	FALSE
Controller.Micro850.Micro850.Main.led_bool[30]	FALSE
Controller.Micro850.Micro850.Main.led_bool[31]	FALSE
Controller.Micro850.Micro850.Main.led_bool[32]	FALSE
Controller.Micro850.Micro850.Main.led_bool[33]	FALSE
Controller.Micro850.Micro850.Main.led_bool[34]	FALSE
Controller.Micro850.Micro850.Main.led_bool[35]	FALSE
Controller.Micro850.Micro850.Main.led_bool[36]	FALSE
Controller.Micro850.Micro850.Main.led_bool[37]	FALSE
Controller.Micro850.Micro850.Main.led_bool[38]	FALSE
Controller.Micro850.Micro850.Main.led_bool[39]	FALSE
Controller.Micro850.Micro850.Main.led_bool[4]	FALSE
Controller.Micro850.Micro850.Main.led_bool[40]	FALSE
Controller.Micro850.Micro850.Main.led_bool[41]	FALSE
Controller.Micro850.Micro850.Main.led_bool[42]	FALSE
Controller.Micro850.Micro850.Main.led_bool[43]	FALSE
Controller.Micro850.Micro850.Main.led_bool[44]	FALSE
Controller.Micro850.Micro850.Main.led_bool[45]	FALSE
Controller.Micro850.Micro850.Main.led_bool[46]	FALSE
Controller.Micro850.Micro850.Main.led_bool[47]	FALSE
Controller.Micro850.Micro850.Main.led_bool[48]	FALSE
Controller.Micro850.Micro850.Main.led_bool[49]	FALSE
Controller.Micro850.Micro850.Main.led_bool[5]	FALSE
Controller.Micro850.Micro850.Main.led_bool[50]	FALSE
Controller.Micro850.Micro850.Main.led_bool[6]	FALSE
Controller.Micro850.Micro850.Main.led_bool[7]	FALSE
Controller.Micro850.Micro850.Main.led_bool[8]	FALSE
Controller.Micro850.Micro850.Main.led_bool[9]	FALSE
Controller.Micro850.Micro850.Main.led_mask	1
Controller.Micro850.Micro850.Main.led_masked	0
Controller.Micro850.Micro850.Main.led_test	FALSE
Controller.Micro850.Micro850.Main.mask	0
Controller.Micro850.Micro850.Main.max_speed	20
Controller.Micro850.Micro850.Main.modbus_map	0
Controller.Micro850.Micro850.Main.motorA_BW	FALSE
Controller.Micro850.Micro850.Main.motorA_Count	0
Controller.Micro850.Micro850.Main.motorA_FW	FALSE
Controller.Micro850.Micro850.Main.motorA_move	350
Controller.Micro850.Micro850.Main.motorA_move_lower	94
Controller.Micro850.Micro850.Main.motorA_move_to	15
Controller.Micro850.Micro850.Main.motorA_move_to_lower	15
Controller.Micro850.Micro850.Main.motorA_move_to_upper	0
Controller.Micro850.Micro850.Main.motorA_move_upper	1
Controller.Micro850.Micro850.Main.motorA_pos	
Controller.Micro850.Micro850.Main.motorA_Stop	FALSE
Controller.Micro850.Micro850.Main.motorB_Count	0
Controller.Micro850.Micro850.Main.motorB_FW	FALSE
Controller.Micro850.Micro850.Main.motorB_move	25
Controller.Micro850.Micro850.Main.motorB_move_lower	25
Controller.Micro850.Micro850.Main.motorB_move_to	25
Controller.Micro850.Micro850.Main.motorB_move_to_lower	25
Controller.Micro850.Micro850.Main.motorB_move_to_upper	0
Controller.Micro850.Micro850.Main.motorB_move_upper	0
Controller.Micro850.Micro850.Main.motorB_Stop	FALSE
Controller.Micro850.Micro850.Main.num	9
Controller.Micro850.Micro850.Main.num2	8
Controller.Micro850.Micro850.Main.R_TRIG_1.CLK	FALSE
Controller.Micro850.Micro850.Main.R_TRIG_1.Q	FALSE
Controller.Micro850.Micro850.Main.R_TRIG_1.Redge	FALSE
Controller.Micro850.Micro850.Main.R_TRIG_2.CLK	FALSE
Controller.Micro850.Micro850.Main.R_TRIG_2.Q	FALSE
Controller.Micro850.Micro850.Main.R_TRIG_2.Redge	FALSE
Controller.Micro850.Micro850.Main.R_TRIG_3.CLK	FALSE
Controller.Micro850.Micro850.Main.R_TRIG_3.Q	FALSE
Controller.Micro850.Micro850.Main.R_TRIG_3.Redge	FALSE
Controller.Micro850.Micro850.Main.R_TRIG_4.CLK	FALSE
Controller.Micro850.Micro850.Main.R_TRIG_4.Q	FALSE
Controller.Micro850.Micro850.Main.R_TRIG_4.Redge	FALSE
Controller.Micro850.Micro850.Main.R_TRIG_5.CLK	TRUE
Controller.Micro850.Micro850.Main.R_TRIG_5.Q	FALSE
Controller.Micro850.Micro850.Main.R_TRIG_5.Redge	TRUE
Controller.Micro850.Micro850.Main.RA_STRING_TO_ASCII_OUTPUT_1.FBEN	FALSE
Controller.Micro850.Micro850.Main.RA_STRING_TO_ASCII_OUTPUT_1.FBENO	FALSE
Controller.Micro850.Micro850.Main.RA_STRING_TO_ASCII_OUTPUT_1.Index	0
Controller.Micro850.Micro850.Main.RA_STRING_TO_ASCII_OUTPUT_1.Input	
Controller.Micro850.Micro850.Main.RA_STRING_TO_ASCII_OUTPUT_1.NbC	0
Controller.Micro850.Micro850.Main.RA_STRING_TO_ASCII_OUTPUT_1.Output[1]	0
Controller.Micro850.Micro850.Main.RA_STRING_TO_ASCII_OUTPUT_1.Output[10]	0
Controller.Micro850.Micro850.Main.RA_STRING_TO_ASCII_OUTPUT_1.Output[11]	0
Controller.Micro850.Micro850.Main.RA_STRING_TO_ASCII_OUTPUT_1.Output[12]	0
Controller.Micro850.Micro850.Main.RA_STRING_TO_ASCII_OUTPUT_1.Output[13]	0
Controller.Micro850.Micro850.Main.RA_STRING_TO_ASCII_OUTPUT_1.Output[14]	0
Controller.Micro850.Micro850.Main.RA_STRING_TO_ASCII_OUTPUT_1.Output[15]	0
Controller.Micro850.Micro850.Main.RA_STRING_TO_ASCII_OUTPUT_1.Output[16]	0
Controller.Micro850.Micro850.Main.RA_STRING_TO_ASCII_OUTPUT_1.Output[17]	0
Controller.Micro850.Micro850.Main.RA_STRING_TO_ASCII_OUTPUT_1.Output[18]	0
Controller.Micro850.Micro850.Main.RA_STRING_TO_ASCII_OUTPUT_1.Output[19]	0
Controller.Micro850.Micro850.Main.RA_STRING_TO_ASCII_OUTPUT_1.Output[2]	0
Controller.Micro850.Micro850.Main.RA_STRING_TO_ASCII_OUTPUT_1.Output[20]	0
Controller.Micro850.Micro850.Main.RA_STRING_TO_ASCII_OUTPUT_1.Output[21]	0
Controller.Micro850.Micro850.Main.RA_STRING_TO_ASCII_OUTPUT_1.Output[22]	0
Controller.Micro850.Micro850.Main.RA_STRING_TO_ASCII_OUTPUT_1.Output[23]	0
Controller.Micro850.Micro850.Main.RA_STRING_TO_ASCII_OUTPUT_1.Output[24]	0
Controller.Micro850.Micro850.Main.RA_STRING_TO_ASCII_OUTPUT_1.Output[25]	0
Controller.Micro850.Micro850.Main.RA_STRING_TO_ASCII_OUTPUT_1.Output[26]	0
Controller.Micro850.Micro850.Main.RA_STRING_TO_ASCII_OUTPUT_1.Output[27]	0
Controller.Micro850.Micro850.Main.RA_STRING_TO_ASCII_OUTPUT_1.Output[28]	0
Controller.Micro850.Micro850.Main.RA_STRING_TO_ASCII_OUTPUT_1.Output[29]	0
Controller.Micro850.Micro850.Main.RA_STRING_TO_ASCII_OUTPUT_1.Output[3]	0
Controller.Micro850.Micro850.Main.RA_STRING_TO_ASCII_OUTPUT_1.Output[30]	0
Controller.Micro850.Micro850.Main.RA_STRING_TO_ASCII_OUTPUT_1.Output[31]	0
Controller.Micro850.Micro850.Main.RA_STRING_TO_ASCII_OUTPUT_1.Output[32]	0
Controller.Micro850.Micro850.Main.RA_STRING_TO_ASCII_OUTPUT_1.Output[33]	0
Controller.Micro850.Micro850.Main.RA_STRING_TO_ASCII_OUTPUT_1.Output[34]	0
Controller.Micro850.Micro850.Main.RA_STRING_TO_ASCII_OUTPUT_1.Output[35]	0
Controller.Micro850.Micro850.Main.RA_STRING_TO_ASCII_OUTPUT_1.Output[36]	0
Controller.Micro850.Micro850.Main.RA_STRING_TO_ASCII_OUTPUT_1.Output[37]	0
Controller.Micro850.Micro850.Main.RA_STRING_TO_ASCII_OUTPUT_1.Output[38]	0
Controller.Micro850.Micro850.Main.RA_STRING_TO_ASCII_OUTPUT_1.Output[39]	0
Controller.Micro850.Micro850.Main.RA_STRING_TO_ASCII_OUTPUT_1.Output[4]	0
Controller.Micro850.Micro850.Main.RA_STRING_TO_ASCII_OUTPUT_1.Output[40]	0
Controller.Micro850.Micro850.Main.RA_STRING_TO_ASCII_OUTPUT_1.Output[41]	0
Controller.Micro850.Micro850.Main.RA_STRING_TO_ASCII_OUTPUT_1.Output[42]	0
Controller.Micro850.Micro850.Main.RA_STRING_TO_ASCII_OUTPUT_1.Output[43]	0
Controller.Micro850.Micro850.Main.RA_STRING_TO_ASCII_OUTPUT_1.Output[44]	0
Controller.Micro850.Micro850.Main.RA_STRING_TO_ASCII_OUTPUT_1.Output[45]	0
Controller.Micro850.Micro850.Main.RA_STRING_TO_ASCII_OUTPUT_1.Output[46]	0
Controller.Micro850.Micro850.Main.RA_STRING_TO_ASCII_OUTPUT_1.Output[47]	0
Controller.Micro850.Micro850.Main.RA_STRING_TO_ASCII_OUTPUT_1.Output[48]	0
Controller.Micro850.Micro850.Main.RA_STRING_TO_ASCII_OUTPUT_1.Output[49]	0
Controller.Micro850.Micro850.Main.RA_STRING_TO_ASCII_OUTPUT_1.Output[5]	0
Controller.Micro850.Micro850.Main.RA_STRING_TO_ASCII_OUTPUT_1.Output[50]	0
Controller.Micro850.Micro850.Main.RA_STRING_TO_ASCII_OUTPUT_1.Output[51]	0
Controller.Micro850.Micro850.Main.RA_STRING_TO_ASCII_OUTPUT_1.Output[52]	0
Controller.Micro850.Micro850.Main.RA_STRING_TO_ASCII_OUTPUT_1.Output[53]	0
Controller.Micro850.Micro850.Main.RA_STRING_TO_ASCII_OUTPUT_1.Output[54]	0
Controller.Micro850.Micro850.Main.RA_STRING_TO_ASCII_OUTPUT_1.Output[55]	0
Controller.Micro850.Micro850.Main.RA_STRING_TO_ASCII_OUTPUT_1.Output[56]	0
Controller.Micro850.Micro850.Main.RA_STRING_TO_ASCII_OUTPUT_1.Output[57]	0
Controller.Micro850.Micro850.Main.RA_STRING_TO_ASCII_OUTPUT_1.Output[58]	0
Controller.Micro850.Micro850.Main.RA_STRING_TO_ASCII_OUTPUT_1.Output[59]	0
Controller.Micro850.Micro850.Main.RA_STRING_TO_ASCII_OUTPUT_1.Output[6]	0
Controller.Micro850.Micro850.Main.RA_STRING_TO_ASCII_OUTPUT_1.Output[60]	0
Controller.Micro850.Micro850.Main.RA_STRING_TO_ASCII_OUTPUT_1.Output[61]	0
Controller.Micro850.Micro850.Main.RA_STRING_TO_ASCII_OUTPUT_1.Output[62]	0
Controller.Micro850.Micro850.Main.RA_STRING_TO_ASCII_OUTPUT_1.Output[63]	0
Controller.Micro850.Micro850.Main.RA_STRING_TO_ASCII_OUTPUT_1.Output[64]	0
Controller.Micro850.Micro850.Main.RA_STRING_TO_ASCII_OUTPUT_1.Output[65]	0
Controller.Micro850.Micro850.Main.RA_STRING_TO_ASCII_OUTPUT_1.Output[66]	0
Controller.Micro850.Micro850.Main.RA_STRING_TO_ASCII_OUTPUT_1.Output[67]	0
Controller.Micro850.Micro850.Main.RA_STRING_TO_ASCII_OUTPUT_1.Output[68]	0
Controller.Micro850.Micro850.Main.RA_STRING_TO_ASCII_OUTPUT_1.Output[69]	0
Controller.Micro850.Micro850.Main.RA_STRING_TO_ASCII_OUTPUT_1.Output[7]	0
Controller.Micro850.Micro850.Main.RA_STRING_TO_ASCII_OUTPUT_1.Output[70]	0
Controller.Micro850.Micro850.Main.RA_STRING_TO_ASCII_OUTPUT_1.Output[71]	0
Controller.Micro850.Micro850.Main.RA_STRING_TO_ASCII_OUTPUT_1.Output[72]	0
Controller.Micro850.Micro850.Main.RA_STRING_TO_ASCII_OUTPUT_1.Output[73]	0
Controller.Micro850.Micro850.Main.RA_STRING_TO_ASCII_OUTPUT_1.Output[74]	0
Controller.Micro850.Micro850.Main.RA_STRING_TO_ASCII_OUTPUT_1.Output[75]	0
Controller.Micro850.Micro850.Main.RA_STRING_TO_ASCII_OUTPUT_1.Output[76]	0
Controller.Micro850.Micro850.Main.RA_STRING_TO_ASCII_OUTPUT_1.Output[77]	0
Controller.Micro850.Micro850.Main.RA_STRING_TO_ASCII_OUTPUT_1.Output[78]	0
Controller.Micro850.Micro850.Main.RA_STRING_TO_ASCII_OUTPUT_1.Output[79]	0
Controller.Micro850.Micro850.Main.RA_STRING_TO_ASCII_OUTPUT_1.Output[8]	0
Controller.Micro850.Micro850.Main.RA_STRING_TO_ASCII_OUTPUT_1.Output[80]	0
Controller.Micro850.Micro850.Main.RA_STRING_TO_ASCII_OUTPUT_1.Output[81]	0
Controller.Micro850.Micro850.Main.RA_STRING_TO_ASCII_OUTPUT_1.Output[82]	0
Controller.Micro850.Micro850.Main.RA_STRING_TO_ASCII_OUTPUT_1.Output[9]	0
Controller.Micro850.Micro850.Main.read_counts	FALSE
Controller.Micro850.Micro850.Main.readinput.Cancel	FALSE
Controller.Micro850.Micro850.Main.readinput.Channel	5
Controller.Micro850.Micro850.Main.readinput.Length	8
Controller.Micro850.Micro850.Main.ReadTest	FALSE
Controller.Micro850.Micro850.Main.reset	TRUE
Controller.Micro850.Micro850.Main.SendCmd	0
Controller.Micro850.Micro850.Main.sendCommand	FALSE
Controller.Micro850.Micro850.Main.source[1]	0
Controller.Micro850.Micro850.Main.source[10]	0
Controller.Micro850.Micro850.Main.source[11]	0
Controller.Micro850.Micro850.Main.source[12]	0
Controller.Micro850.Micro850.Main.source[13]	0
Controller.Micro850.Micro850.Main.source[14]	0
Controller.Micro850.Micro850.Main.source[15]	0
Controller.Micro850.Micro850.Main.source[16]	0
Controller.Micro850.Micro850.Main.source[17]	0
Controller.Micro850.Micro850.Main.source[18]	0
Controller.Micro850.Micro850.Main.source[19]	0
Controller.Micro850.Micro850.Main.source[2]	0
Controller.Micro850.Micro850.Main.source[20]	0
Controller.Micro850.Micro850.Main.source[21]	0
Controller.Micro850.Micro850.Main.source[22]	0
Controller.Micro850.Micro850.Main.source[23]	0
Controller.Micro850.Micro850.Main.source[24]	0
Controller.Micro850.Micro850.Main.source[25]	0
Controller.Micro850.Micro850.Main.source[26]	0
Controller.Micro850.Micro850.Main.source[27]	0
Controller.Micro850.Micro850.Main.source[28]	0
Controller.Micro850.Micro850.Main.source[29]	0
Controller.Micro850.Micro850.Main.source[3]	0
Controller.Micro850.Micro850.Main.source[30]	0
Controller.Micro850.Micro850.Main.source[31]	0
Controller.Micro850.Micro850.Main.source[32]	0
Controller.Micro850.Micro850.Main.source[33]	0
Controller.Micro850.Micro850.Main.source[34]	0
Controller.Micro850.Micro850.Main.source[35]	0
Controller.Micro850.Micro850.Main.source[36]	0
Controller.Micro850.Micro850.Main.source[37]	0
Controller.Micro850.Micro850.Main.source[38]	0
Controller.Micro850.Micro850.Main.source[39]	0
Controller.Micro850.Micro850.Main.source[4]	0
Controller.Micro850.Micro850.Main.source[40]	0
Controller.Micro850.Micro850.Main.source[41]	0
Controller.Micro850.Micro850.Main.source[42]	0
Controller.Micro850.Micro850.Main.source[43]	0
Controller.Micro850.Micro850.Main.source[44]	0
Controller.Micro850.Micro850.Main.source[45]	0
Controller.Micro850.Micro850.Main.source[46]	0
Controller.Micro850.Micro850.Main.source[47]	0
Controller.Micro850.Micro850.Main.source[48]	0
Controller.Micro850.Micro850.Main.source[49]	0
Controller.Micro850.Micro850.Main.source[5]	0
Controller.Micro850.Micro850.Main.source[50]	0
Controller.Micro850.Micro850.Main.source[51]	0
Controller.Micro850.Micro850.Main.source[52]	0
Controller.Micro850.Micro850.Main.source[53]	0
Controller.Micro850.Micro850.Main.source[54]	0
Controller.Micro850.Micro850.Main.source[55]	0
Controller.Micro850.Micro850.Main.source[56]	0
Controller.Micro850.Micro850.Main.source[57]	0
Controller.Micro850.Micro850.Main.source[58]	0
Controller.Micro850.Micro850.Main.source[59]	0
Controller.Micro850.Micro850.Main.source[6]	0
Controller.Micro850.Micro850.Main.source[60]	0
Controller.Micro850.Micro850.Main.source[61]	0
Controller.Micro850.Micro850.Main.source[62]	0
Controller.Micro850.Micro850.Main.source[63]	0
Controller.Micro850.Micro850.Main.source[64]	0
Controller.Micro850.Micro850.Main.source[65]	0
Controller.Micro850.Micro850.Main.source[66]	0
Controller.Micro850.Micro850.Main.source[67]	0
Controller.Micro850.Micro850.Main.source[68]	0
Controller.Micro850.Micro850.Main.source[69]	0
Controller.Micro850.Micro850.Main.source[7]	0
Controller.Micro850.Micro850.Main.source[70]	0
Controller.Micro850.Micro850.Main.source[71]	0
Controller.Micro850.Micro850.Main.source[72]	0
Controller.Micro850.Micro850.Main.source[73]	0
Controller.Micro850.Micro850.Main.source[74]	0
Controller.Micro850.Micro850.Main.source[75]	0
Controller.Micro850.Micro850.Main.source[76]	0
Controller.Micro850.Micro850.Main.source[77]	0
Controller.Micro850.Micro850.Main.source[78]	0
Controller.Micro850.Micro850.Main.source[79]	0
Controller.Micro850.Micro850.Main.source[8]	70
Controller.Micro850.Micro850.Main.source[80]	0
Controller.Micro850.Micro850.Main.source[81]	0
Controller.Micro850.Micro850.Main.source[82]	0
Controller.Micro850.Micro850.Main.source[9]	117
Controller.Micro850.Micro850.Main.Start_COP	TRUE
Controller.Micro850.Micro850.Main.Start_CRC	TRUE
Controller.Micro850.Micro850.Main.Start_GenBytes	TRUE
Controller.Micro850.Micro850.Main.state_wait_for_pos_reached	TRUE
Controller.Micro850.Micro850.Main.stress_test	FALSE
Controller.Micro850.Micro850.Main.TON_1.ET	T#92ms
Controller.Micro850.Micro850.Main.TON_1.IN	TRUE
Controller.Micro850.Micro850.Main.TON_1.Pdate	T#1m31s244ms
Controller.Micro850.Micro850.Main.TON_1.PT	T#100ms
Controller.Micro850.Micro850.Main.TON_1.Q	FALSE
Controller.Micro850.Micro850.Main.TON_1.Redge	TRUE
Controller.Micro850.Micro850.Main.total_green	1
Controller.Micro850.Micro850.Main.two_motors_run	0
Controller.Micro850.Micro850.Phone_Readout	8
Controller.Micro850.Micro850.Pos_Reached	TRUE
Controller.Micro850.Micro850.Solenoid.TON_1.ET	T#0s
Controller.Micro850.Micro850.Solenoid.TON_1.IN	FALSE
Controller.Micro850.Micro850.Solenoid.TON_1.Pdate	T#0s
Controller.Micro850.Micro850.Solenoid.TON_1.PT	T#50ms
Controller.Micro850.Micro850.Solenoid.TON_1.Q	FALSE
Controller.Micro850.Micro850.Solenoid.TON_1.Redge	FALSE
Controller.Micro850.Micro850.Solenoid.TON_Solenoid	T#50ms
Controller.Micro850.Micro850.Test_Solenoid	FALSE
