Controller.Micro850.Micro850.__SYSVA_ABORT_CYCLE	
Controller.Micro850.Micro850.__SYSVA_CCEXEC	
Controller.Micro850.Micro850.__SYSVA_CYCLECNT	
Controller.Micro850.Micro850.__SYSVA_CYCLEDATE	
Controller.Micro850.Micro850.__SYSVA_FIRST_SCAN	
Controller.Micro850.Micro850.__SYSVA_KVBCERR	
Controller.Micro850.Micro850.__SYSVA_KVBPERR	
Controller.Micro850.Micro850.__SYSVA_MAJ_ERR_HALT	
Controller.Micro850.Micro850.__SYSVA_POWERUP_BIT	
Controller.Micro850.Micro850.__SYSVA_PROJ_INCOMPLETE	
Controller.Micro850.Micro850.__SYSVA_REMOTE	
Controller.Micro850.Micro850.__SYSVA_RESMODE	
Controller.Micro850.Micro850.__SYSVA_RESNAME	
Controller.Micro850.Micro850.__SYSVA_SCANCNT	
Controller.Micro850.Micro850.__SYSVA_SUSPEND_ID	
Controller.Micro850.Micro850.__SYSVA_TCYCURRENT	
Controller.Micro850.Micro850.__SYSVA_TCYCYCTIME	
Controller.Micro850.Micro850.__SYSVA_TCYMAXIMUM	
Controller.Micro850.Micro850.__SYSVA_TCYOVERFLOW	
Controller.Micro850.Micro850.__SYSVA_TCYWDG	
Controller.Micro850.Micro850.__SYSVA_USER_DATA_LOST	
Controller.Micro850.Micro850._IO_EM_DI_00	
Controller.Micro850.Micro850._IO_EM_DI_01	
Controller.Micro850.Micro850._IO_EM_DI_02	
Controller.Micro850.Micro850._IO_EM_DI_03	
Controller.Micro850.Micro850._IO_EM_DI_04	
Controller.Micro850.Micro850._IO_EM_DI_05	
Controller.Micro850.Micro850._IO_EM_DI_06	
Controller.Micro850.Micro850._IO_EM_DI_07	
Controller.Micro850.Micro850._IO_EM_DI_08	
Controller.Micro850.Micro850._IO_EM_DI_09	
Controller.Micro850.Micro850._IO_EM_DI_10	
Controller.Micro850.Micro850._IO_EM_DI_11	
Controller.Micro850.Micro850._IO_EM_DI_12	
Controller.Micro850.Micro850._IO_EM_DI_13	
Controller.Micro850.Micro850._IO_EM_DO_00	
Controller.Micro850.Micro850._IO_EM_DO_01	
Controller.Micro850.Micro850._IO_EM_DO_02	
Controller.Micro850.Micro850._IO_EM_DO_03	
Controller.Micro850.Micro850._IO_EM_DO_04	
Controller.Micro850.Micro850._IO_EM_DO_05	
Controller.Micro850.Micro850._IO_EM_DO_06	
Controller.Micro850.Micro850._IO_EM_DO_07	
Controller.Micro850.Micro850._IO_EM_DO_08	
Controller.Micro850.Micro850._IO_EM_DO_09	
Controller.Micro850.Micro850._IO_X1_AI_00	
Controller.Micro850.Micro850._IO_X1_AI_01	
Controller.Micro850.Micro850._IO_X1_AI_02	
Controller.Micro850.Micro850._IO_X1_AI_03	
Controller.Micro850.Micro850._IO_X1_ST_00	
Controller.Micro850.Micro850._IO_X1_ST_01	
Controller.Micro850.Micro850._IO_X1_ST_02	
Controller.Micro850.Micro850.ASCII_OUTPUT[1]	
Controller.Micro850.Micro850.ASCII_OUTPUT[10]	
Controller.Micro850.Micro850.ASCII_OUTPUT[11]	
Controller.Micro850.Micro850.ASCII_OUTPUT[12]	
Controller.Micro850.Micro850.ASCII_OUTPUT[13]	
Controller.Micro850.Micro850.ASCII_OUTPUT[14]	
Controller.Micro850.Micro850.ASCII_OUTPUT[15]	
Controller.Micro850.Micro850.ASCII_OUTPUT[16]	
Controller.Micro850.Micro850.ASCII_OUTPUT[17]	
Controller.Micro850.Micro850.ASCII_OUTPUT[18]	
Controller.Micro850.Micro850.ASCII_OUTPUT[19]	
Controller.Micro850.Micro850.ASCII_OUTPUT[2]	
Controller.Micro850.Micro850.ASCII_OUTPUT[20]	
Controller.Micro850.Micro850.ASCII_OUTPUT[21]	
Controller.Micro850.Micro850.ASCII_OUTPUT[22]	
Controller.Micro850.Micro850.ASCII_OUTPUT[23]	
Controller.Micro850.Micro850.ASCII_OUTPUT[24]	
Controller.Micro850.Micro850.ASCII_OUTPUT[25]	
Controller.Micro850.Micro850.ASCII_OUTPUT[26]	
Controller.Micro850.Micro850.ASCII_OUTPUT[27]	
Controller.Micro850.Micro850.ASCII_OUTPUT[28]	
Controller.Micro850.Micro850.ASCII_OUTPUT[29]	
Controller.Micro850.Micro850.ASCII_OUTPUT[3]	
Controller.Micro850.Micro850.ASCII_OUTPUT[30]	
Controller.Micro850.Micro850.ASCII_OUTPUT[31]	
Controller.Micro850.Micro850.ASCII_OUTPUT[32]	
Controller.Micro850.Micro850.ASCII_OUTPUT[33]	
Controller.Micro850.Micro850.ASCII_OUTPUT[34]	
Controller.Micro850.Micro850.ASCII_OUTPUT[35]	
Controller.Micro850.Micro850.ASCII_OUTPUT[36]	
Controller.Micro850.Micro850.ASCII_OUTPUT[37]	
Controller.Micro850.Micro850.ASCII_OUTPUT[38]	
Controller.Micro850.Micro850.ASCII_OUTPUT[39]	
Controller.Micro850.Micro850.ASCII_OUTPUT[4]	
Controller.Micro850.Micro850.ASCII_OUTPUT[40]	
Controller.Micro850.Micro850.ASCII_OUTPUT[41]	
Controller.Micro850.Micro850.ASCII_OUTPUT[42]	
Controller.Micro850.Micro850.ASCII_OUTPUT[43]	
Controller.Micro850.Micro850.ASCII_OUTPUT[44]	
Controller.Micro850.Micro850.ASCII_OUTPUT[45]	
Controller.Micro850.Micro850.ASCII_OUTPUT[46]	
Controller.Micro850.Micro850.ASCII_OUTPUT[47]	
Controller.Micro850.Micro850.ASCII_OUTPUT[48]	
Controller.Micro850.Micro850.ASCII_OUTPUT[49]	
Controller.Micro850.Micro850.ASCII_OUTPUT[5]	
Controller.Micro850.Micro850.ASCII_OUTPUT[50]	
Controller.Micro850.Micro850.ASCII_OUTPUT[51]	
Controller.Micro850.Micro850.ASCII_OUTPUT[52]	
Controller.Micro850.Micro850.ASCII_OUTPUT[53]	
Controller.Micro850.Micro850.ASCII_OUTPUT[54]	
Controller.Micro850.Micro850.ASCII_OUTPUT[55]	
Controller.Micro850.Micro850.ASCII_OUTPUT[56]	
Controller.Micro850.Micro850.ASCII_OUTPUT[57]	
Controller.Micro850.Micro850.ASCII_OUTPUT[58]	
Controller.Micro850.Micro850.ASCII_OUTPUT[59]	
Controller.Micro850.Micro850.ASCII_OUTPUT[6]	
Controller.Micro850.Micro850.ASCII_OUTPUT[60]	
Controller.Micro850.Micro850.ASCII_OUTPUT[61]	
Controller.Micro850.Micro850.ASCII_OUTPUT[62]	
Controller.Micro850.Micro850.ASCII_OUTPUT[63]	
Controller.Micro850.Micro850.ASCII_OUTPUT[64]	
Controller.Micro850.Micro850.ASCII_OUTPUT[65]	
Controller.Micro850.Micro850.ASCII_OUTPUT[66]	
Controller.Micro850.Micro850.ASCII_OUTPUT[67]	
Controller.Micro850.Micro850.ASCII_OUTPUT[68]	
Controller.Micro850.Micro850.ASCII_OUTPUT[69]	
Controller.Micro850.Micro850.ASCII_OUTPUT[7]	
Controller.Micro850.Micro850.ASCII_OUTPUT[70]	
Controller.Micro850.Micro850.ASCII_OUTPUT[71]	
Controller.Micro850.Micro850.ASCII_OUTPUT[72]	
Controller.Micro850.Micro850.ASCII_OUTPUT[73]	
Controller.Micro850.Micro850.ASCII_OUTPUT[74]	
Controller.Micro850.Micro850.ASCII_OUTPUT[75]	
Controller.Micro850.Micro850.ASCII_OUTPUT[76]	
Controller.Micro850.Micro850.ASCII_OUTPUT[77]	
Controller.Micro850.Micro850.ASCII_OUTPUT[78]	
Controller.Micro850.Micro850.ASCII_OUTPUT[79]	
Controller.Micro850.Micro850.ASCII_OUTPUT[8]	
Controller.Micro850.Micro850.ASCII_OUTPUT[80]	
Controller.Micro850.Micro850.ASCII_OUTPUT[81]	
Controller.Micro850.Micro850.ASCII_OUTPUT[82]	
Controller.Micro850.Micro850.ASCII_OUTPUT[9]	
Controller.Micro850.Micro850.Main.ABL_1.ABLInput.Cancel	
Controller.Micro850.Micro850.Main.ABL_1.ABLInput.Channel	
Controller.Micro850.Micro850.Main.ABL_1.ABLInput.TriggerType	
Controller.Micro850.Micro850.Main.ABL_1.Characters	
Controller.Micro850.Micro850.Main.ABL_1.controlbit	
Controller.Micro850.Micro850.Main.ABL_1.Error	
Controller.Micro850.Micro850.Main.ABL_1.ErrorID	
Controller.Micro850.Micro850.Main.ABL_1.IN	
Controller.Micro850.Micro850.Main.ABL_1.Q	
Controller.Micro850.Micro850.Main.ACB_1.ACBInput.Cancel	
Controller.Micro850.Micro850.Main.ACB_1.ACBInput.Channel	
Controller.Micro850.Micro850.Main.ACB_1.ACBInput.TriggerType	
Controller.Micro850.Micro850.Main.ACB_1.Characters	
Controller.Micro850.Micro850.Main.ACB_1.controlbit	
Controller.Micro850.Micro850.Main.ACB_1.Error	
Controller.Micro850.Micro850.Main.ACB_1.ErrorID	
Controller.Micro850.Micro850.Main.ACB_1.IN	
Controller.Micro850.Micro850.Main.ACB_1.Q	
Controller.Micro850.Micro850.Main.ACL_1.ACLInput.Channel	
Controller.Micro850.Micro850.Main.ACL_1.ACLInput.RXBuffer	
Controller.Micro850.Micro850.Main.ACL_1.ACLInput.TXBuffer	
Controller.Micro850.Micro850.Main.ACL_1.Error	
Controller.Micro850.Micro850.Main.ACL_1.ErrorID	
Controller.Micro850.Micro850.Main.ACL_1.IN	
Controller.Micro850.Micro850.Main.ACL_1.prestatus	
Controller.Micro850.Micro850.Main.ACL_1.Q	
Controller.Micro850.Micro850.Main.ARD_1.ARDInput.Cancel	
Controller.Micro850.Micro850.Main.ARD_1.ARDInput.Channel	
Controller.Micro850.Micro850.Main.ARD_1.ARDInput.Length	
Controller.Micro850.Micro850.Main.ARD_1.controlbit	
Controller.Micro850.Micro850.Main.ARD_1.Destination[1]	
Controller.Micro850.Micro850.Main.ARD_1.Destination[10]	
Controller.Micro850.Micro850.Main.ARD_1.Destination[11]	
Controller.Micro850.Micro850.Main.ARD_1.Destination[12]	
Controller.Micro850.Micro850.Main.ARD_1.Destination[13]	
Controller.Micro850.Micro850.Main.ARD_1.Destination[14]	
Controller.Micro850.Micro850.Main.ARD_1.Destination[15]	
Controller.Micro850.Micro850.Main.ARD_1.Destination[16]	
Controller.Micro850.Micro850.Main.ARD_1.Destination[17]	
Controller.Micro850.Micro850.Main.ARD_1.Destination[18]	
Controller.Micro850.Micro850.Main.ARD_1.Destination[19]	
Controller.Micro850.Micro850.Main.ARD_1.Destination[2]	
Controller.Micro850.Micro850.Main.ARD_1.Destination[20]	
Controller.Micro850.Micro850.Main.ARD_1.Destination[21]	
Controller.Micro850.Micro850.Main.ARD_1.Destination[22]	
Controller.Micro850.Micro850.Main.ARD_1.Destination[23]	
Controller.Micro850.Micro850.Main.ARD_1.Destination[24]	
Controller.Micro850.Micro850.Main.ARD_1.Destination[25]	
Controller.Micro850.Micro850.Main.ARD_1.Destination[26]	
Controller.Micro850.Micro850.Main.ARD_1.Destination[27]	
Controller.Micro850.Micro850.Main.ARD_1.Destination[28]	
Controller.Micro850.Micro850.Main.ARD_1.Destination[29]	
Controller.Micro850.Micro850.Main.ARD_1.Destination[3]	
Controller.Micro850.Micro850.Main.ARD_1.Destination[30]	
Controller.Micro850.Micro850.Main.ARD_1.Destination[31]	
Controller.Micro850.Micro850.Main.ARD_1.Destination[32]	
Controller.Micro850.Micro850.Main.ARD_1.Destination[33]	
Controller.Micro850.Micro850.Main.ARD_1.Destination[34]	
Controller.Micro850.Micro850.Main.ARD_1.Destination[35]	
Controller.Micro850.Micro850.Main.ARD_1.Destination[36]	
Controller.Micro850.Micro850.Main.ARD_1.Destination[37]	
Controller.Micro850.Micro850.Main.ARD_1.Destination[38]	
Controller.Micro850.Micro850.Main.ARD_1.Destination[39]	
Controller.Micro850.Micro850.Main.ARD_1.Destination[4]	
Controller.Micro850.Micro850.Main.ARD_1.Destination[40]	
Controller.Micro850.Micro850.Main.ARD_1.Destination[41]	
Controller.Micro850.Micro850.Main.ARD_1.Destination[42]	
Controller.Micro850.Micro850.Main.ARD_1.Destination[43]	
Controller.Micro850.Micro850.Main.ARD_1.Destination[44]	
Controller.Micro850.Micro850.Main.ARD_1.Destination[45]	
Controller.Micro850.Micro850.Main.ARD_1.Destination[46]	
Controller.Micro850.Micro850.Main.ARD_1.Destination[47]	
Controller.Micro850.Micro850.Main.ARD_1.Destination[48]	
Controller.Micro850.Micro850.Main.ARD_1.Destination[49]	
Controller.Micro850.Micro850.Main.ARD_1.Destination[5]	
Controller.Micro850.Micro850.Main.ARD_1.Destination[50]	
Controller.Micro850.Micro850.Main.ARD_1.Destination[51]	
Controller.Micro850.Micro850.Main.ARD_1.Destination[52]	
Controller.Micro850.Micro850.Main.ARD_1.Destination[53]	
Controller.Micro850.Micro850.Main.ARD_1.Destination[54]	
Controller.Micro850.Micro850.Main.ARD_1.Destination[55]	
Controller.Micro850.Micro850.Main.ARD_1.Destination[56]	
Controller.Micro850.Micro850.Main.ARD_1.Destination[57]	
Controller.Micro850.Micro850.Main.ARD_1.Destination[58]	
Controller.Micro850.Micro850.Main.ARD_1.Destination[59]	
Controller.Micro850.Micro850.Main.ARD_1.Destination[6]	
Controller.Micro850.Micro850.Main.ARD_1.Destination[60]	
Controller.Micro850.Micro850.Main.ARD_1.Destination[61]	
Controller.Micro850.Micro850.Main.ARD_1.Destination[62]	
Controller.Micro850.Micro850.Main.ARD_1.Destination[63]	
Controller.Micro850.Micro850.Main.ARD_1.Destination[64]	
Controller.Micro850.Micro850.Main.ARD_1.Destination[65]	
Controller.Micro850.Micro850.Main.ARD_1.Destination[66]	
Controller.Micro850.Micro850.Main.ARD_1.Destination[67]	
Controller.Micro850.Micro850.Main.ARD_1.Destination[68]	
Controller.Micro850.Micro850.Main.ARD_1.Destination[69]	
Controller.Micro850.Micro850.Main.ARD_1.Destination[7]	
Controller.Micro850.Micro850.Main.ARD_1.Destination[70]	
Controller.Micro850.Micro850.Main.ARD_1.Destination[71]	
Controller.Micro850.Micro850.Main.ARD_1.Destination[72]	
Controller.Micro850.Micro850.Main.ARD_1.Destination[73]	
Controller.Micro850.Micro850.Main.ARD_1.Destination[74]	
Controller.Micro850.Micro850.Main.ARD_1.Destination[75]	
Controller.Micro850.Micro850.Main.ARD_1.Destination[76]	
Controller.Micro850.Micro850.Main.ARD_1.Destination[77]	
Controller.Micro850.Micro850.Main.ARD_1.Destination[78]	
Controller.Micro850.Micro850.Main.ARD_1.Destination[79]	
Controller.Micro850.Micro850.Main.ARD_1.Destination[8]	
Controller.Micro850.Micro850.Main.ARD_1.Destination[80]	
Controller.Micro850.Micro850.Main.ARD_1.Destination[81]	
Controller.Micro850.Micro850.Main.ARD_1.Destination[82]	
Controller.Micro850.Micro850.Main.ARD_1.Destination[9]	
Controller.Micro850.Micro850.Main.ARD_1.Error	
Controller.Micro850.Micro850.Main.ARD_1.ErrorID	
Controller.Micro850.Micro850.Main.ARD_1.IN	
Controller.Micro850.Micro850.Main.ARD_1.NumChar	
Controller.Micro850.Micro850.Main.ARD_1.Q	
Controller.Micro850.Micro850.Main.ARL_1.ARLInput.Cancel	
Controller.Micro850.Micro850.Main.ARL_1.ARLInput.Channel	
Controller.Micro850.Micro850.Main.ARL_1.ARLInput.Length	
Controller.Micro850.Micro850.Main.ARL_1.controlbit	
Controller.Micro850.Micro850.Main.ARL_1.Destination[1]	
Controller.Micro850.Micro850.Main.ARL_1.Destination[10]	
Controller.Micro850.Micro850.Main.ARL_1.Destination[11]	
Controller.Micro850.Micro850.Main.ARL_1.Destination[12]	
Controller.Micro850.Micro850.Main.ARL_1.Destination[13]	
Controller.Micro850.Micro850.Main.ARL_1.Destination[14]	
Controller.Micro850.Micro850.Main.ARL_1.Destination[15]	
Controller.Micro850.Micro850.Main.ARL_1.Destination[16]	
Controller.Micro850.Micro850.Main.ARL_1.Destination[17]	
Controller.Micro850.Micro850.Main.ARL_1.Destination[18]	
Controller.Micro850.Micro850.Main.ARL_1.Destination[19]	
Controller.Micro850.Micro850.Main.ARL_1.Destination[2]	
Controller.Micro850.Micro850.Main.ARL_1.Destination[20]	
Controller.Micro850.Micro850.Main.ARL_1.Destination[21]	
Controller.Micro850.Micro850.Main.ARL_1.Destination[22]	
Controller.Micro850.Micro850.Main.ARL_1.Destination[23]	
Controller.Micro850.Micro850.Main.ARL_1.Destination[24]	
Controller.Micro850.Micro850.Main.ARL_1.Destination[25]	
Controller.Micro850.Micro850.Main.ARL_1.Destination[26]	
Controller.Micro850.Micro850.Main.ARL_1.Destination[27]	
Controller.Micro850.Micro850.Main.ARL_1.Destination[28]	
Controller.Micro850.Micro850.Main.ARL_1.Destination[29]	
Controller.Micro850.Micro850.Main.ARL_1.Destination[3]	
Controller.Micro850.Micro850.Main.ARL_1.Destination[30]	
Controller.Micro850.Micro850.Main.ARL_1.Destination[31]	
Controller.Micro850.Micro850.Main.ARL_1.Destination[32]	
Controller.Micro850.Micro850.Main.ARL_1.Destination[33]	
Controller.Micro850.Micro850.Main.ARL_1.Destination[34]	
Controller.Micro850.Micro850.Main.ARL_1.Destination[35]	
Controller.Micro850.Micro850.Main.ARL_1.Destination[36]	
Controller.Micro850.Micro850.Main.ARL_1.Destination[37]	
Controller.Micro850.Micro850.Main.ARL_1.Destination[38]	
Controller.Micro850.Micro850.Main.ARL_1.Destination[39]	
Controller.Micro850.Micro850.Main.ARL_1.Destination[4]	
Controller.Micro850.Micro850.Main.ARL_1.Destination[40]	
Controller.Micro850.Micro850.Main.ARL_1.Destination[41]	
Controller.Micro850.Micro850.Main.ARL_1.Destination[42]	
Controller.Micro850.Micro850.Main.ARL_1.Destination[43]	
Controller.Micro850.Micro850.Main.ARL_1.Destination[44]	
Controller.Micro850.Micro850.Main.ARL_1.Destination[45]	
Controller.Micro850.Micro850.Main.ARL_1.Destination[46]	
Controller.Micro850.Micro850.Main.ARL_1.Destination[47]	
Controller.Micro850.Micro850.Main.ARL_1.Destination[48]	
Controller.Micro850.Micro850.Main.ARL_1.Destination[49]	
Controller.Micro850.Micro850.Main.ARL_1.Destination[5]	
Controller.Micro850.Micro850.Main.ARL_1.Destination[50]	
Controller.Micro850.Micro850.Main.ARL_1.Destination[51]	
Controller.Micro850.Micro850.Main.ARL_1.Destination[52]	
Controller.Micro850.Micro850.Main.ARL_1.Destination[53]	
Controller.Micro850.Micro850.Main.ARL_1.Destination[54]	
Controller.Micro850.Micro850.Main.ARL_1.Destination[55]	
Controller.Micro850.Micro850.Main.ARL_1.Destination[56]	
Controller.Micro850.Micro850.Main.ARL_1.Destination[57]	
Controller.Micro850.Micro850.Main.ARL_1.Destination[58]	
Controller.Micro850.Micro850.Main.ARL_1.Destination[59]	
Controller.Micro850.Micro850.Main.ARL_1.Destination[6]	
Controller.Micro850.Micro850.Main.ARL_1.Destination[60]	
Controller.Micro850.Micro850.Main.ARL_1.Destination[61]	
Controller.Micro850.Micro850.Main.ARL_1.Destination[62]	
Controller.Micro850.Micro850.Main.ARL_1.Destination[63]	
Controller.Micro850.Micro850.Main.ARL_1.Destination[64]	
Controller.Micro850.Micro850.Main.ARL_1.Destination[65]	
Controller.Micro850.Micro850.Main.ARL_1.Destination[66]	
Controller.Micro850.Micro850.Main.ARL_1.Destination[67]	
Controller.Micro850.Micro850.Main.ARL_1.Destination[68]	
Controller.Micro850.Micro850.Main.ARL_1.Destination[69]	
Controller.Micro850.Micro850.Main.ARL_1.Destination[7]	
Controller.Micro850.Micro850.Main.ARL_1.Destination[70]	
Controller.Micro850.Micro850.Main.ARL_1.Destination[71]	
Controller.Micro850.Micro850.Main.ARL_1.Destination[72]	
Controller.Micro850.Micro850.Main.ARL_1.Destination[73]	
Controller.Micro850.Micro850.Main.ARL_1.Destination[74]	
Controller.Micro850.Micro850.Main.ARL_1.Destination[75]	
Controller.Micro850.Micro850.Main.ARL_1.Destination[76]	
Controller.Micro850.Micro850.Main.ARL_1.Destination[77]	
Controller.Micro850.Micro850.Main.ARL_1.Destination[78]	
Controller.Micro850.Micro850.Main.ARL_1.Destination[79]	
Controller.Micro850.Micro850.Main.ARL_1.Destination[8]	
Controller.Micro850.Micro850.Main.ARL_1.Destination[80]	
Controller.Micro850.Micro850.Main.ARL_1.Destination[81]	
Controller.Micro850.Micro850.Main.ARL_1.Destination[82]	
Controller.Micro850.Micro850.Main.ARL_1.Destination[9]	
Controller.Micro850.Micro850.Main.ARL_1.Error	
Controller.Micro850.Micro850.Main.ARL_1.ErrorID	
Controller.Micro850.Micro850.Main.ARL_1.IN	
Controller.Micro850.Micro850.Main.ARL_1.NumChar	
Controller.Micro850.Micro850.Main.ARL_1.Q	
Controller.Micro850.Micro850.Main.AWT_1.__ADI_Source	
Controller.Micro850.Micro850.Main.AWT_1.AWTInput.Cancel	
Controller.Micro850.Micro850.Main.AWT_1.AWTInput.Channel	
Controller.Micro850.Micro850.Main.AWT_1.AWTInput.Length	
Controller.Micro850.Micro850.Main.AWT_1.controlbit	
Controller.Micro850.Micro850.Main.AWT_1.Error	
Controller.Micro850.Micro850.Main.AWT_1.ErrorID	
Controller.Micro850.Micro850.Main.AWT_1.IN	
Controller.Micro850.Micro850.Main.AWT_1.NumChar	
Controller.Micro850.Micro850.Main.AWT_1.Q	
Controller.Micro850.Micro850.Main.AWT_1.Source[1]	
Controller.Micro850.Micro850.Main.AWT_1.Source[10]	
Controller.Micro850.Micro850.Main.AWT_1.Source[11]	
Controller.Micro850.Micro850.Main.AWT_1.Source[12]	
Controller.Micro850.Micro850.Main.AWT_1.Source[13]	
Controller.Micro850.Micro850.Main.AWT_1.Source[14]	
Controller.Micro850.Micro850.Main.AWT_1.Source[15]	
Controller.Micro850.Micro850.Main.AWT_1.Source[16]	
Controller.Micro850.Micro850.Main.AWT_1.Source[17]	
Controller.Micro850.Micro850.Main.AWT_1.Source[18]	
Controller.Micro850.Micro850.Main.AWT_1.Source[19]	
Controller.Micro850.Micro850.Main.AWT_1.Source[2]	
Controller.Micro850.Micro850.Main.AWT_1.Source[20]	
Controller.Micro850.Micro850.Main.AWT_1.Source[21]	
Controller.Micro850.Micro850.Main.AWT_1.Source[22]	
Controller.Micro850.Micro850.Main.AWT_1.Source[23]	
Controller.Micro850.Micro850.Main.AWT_1.Source[24]	
Controller.Micro850.Micro850.Main.AWT_1.Source[25]	
Controller.Micro850.Micro850.Main.AWT_1.Source[26]	
Controller.Micro850.Micro850.Main.AWT_1.Source[27]	
Controller.Micro850.Micro850.Main.AWT_1.Source[28]	
Controller.Micro850.Micro850.Main.AWT_1.Source[29]	
Controller.Micro850.Micro850.Main.AWT_1.Source[3]	
Controller.Micro850.Micro850.Main.AWT_1.Source[30]	
Controller.Micro850.Micro850.Main.AWT_1.Source[31]	
Controller.Micro850.Micro850.Main.AWT_1.Source[32]	
Controller.Micro850.Micro850.Main.AWT_1.Source[33]	
Controller.Micro850.Micro850.Main.AWT_1.Source[34]	
Controller.Micro850.Micro850.Main.AWT_1.Source[35]	
Controller.Micro850.Micro850.Main.AWT_1.Source[36]	
Controller.Micro850.Micro850.Main.AWT_1.Source[37]	
Controller.Micro850.Micro850.Main.AWT_1.Source[38]	
Controller.Micro850.Micro850.Main.AWT_1.Source[39]	
Controller.Micro850.Micro850.Main.AWT_1.Source[4]	
Controller.Micro850.Micro850.Main.AWT_1.Source[40]	
Controller.Micro850.Micro850.Main.AWT_1.Source[41]	
Controller.Micro850.Micro850.Main.AWT_1.Source[42]	
Controller.Micro850.Micro850.Main.AWT_1.Source[43]	
Controller.Micro850.Micro850.Main.AWT_1.Source[44]	
Controller.Micro850.Micro850.Main.AWT_1.Source[45]	
Controller.Micro850.Micro850.Main.AWT_1.Source[46]	
Controller.Micro850.Micro850.Main.AWT_1.Source[47]	
Controller.Micro850.Micro850.Main.AWT_1.Source[48]	
Controller.Micro850.Micro850.Main.AWT_1.Source[49]	
Controller.Micro850.Micro850.Main.AWT_1.Source[5]	
Controller.Micro850.Micro850.Main.AWT_1.Source[50]	
Controller.Micro850.Micro850.Main.AWT_1.Source[51]	
Controller.Micro850.Micro850.Main.AWT_1.Source[52]	
Controller.Micro850.Micro850.Main.AWT_1.Source[53]	
Controller.Micro850.Micro850.Main.AWT_1.Source[54]	
Controller.Micro850.Micro850.Main.AWT_1.Source[55]	
Controller.Micro850.Micro850.Main.AWT_1.Source[56]	
Controller.Micro850.Micro850.Main.AWT_1.Source[57]	
Controller.Micro850.Micro850.Main.AWT_1.Source[58]	
Controller.Micro850.Micro850.Main.AWT_1.Source[59]	
Controller.Micro850.Micro850.Main.AWT_1.Source[6]	
Controller.Micro850.Micro850.Main.AWT_1.Source[60]	
Controller.Micro850.Micro850.Main.AWT_1.Source[61]	
Controller.Micro850.Micro850.Main.AWT_1.Source[62]	
Controller.Micro850.Micro850.Main.AWT_1.Source[63]	
Controller.Micro850.Micro850.Main.AWT_1.Source[64]	
Controller.Micro850.Micro850.Main.AWT_1.Source[65]	
Controller.Micro850.Micro850.Main.AWT_1.Source[66]	
Controller.Micro850.Micro850.Main.AWT_1.Source[67]	
Controller.Micro850.Micro850.Main.AWT_1.Source[68]	
Controller.Micro850.Micro850.Main.AWT_1.Source[69]	
Controller.Micro850.Micro850.Main.AWT_1.Source[7]	
Controller.Micro850.Micro850.Main.AWT_1.Source[70]	
Controller.Micro850.Micro850.Main.AWT_1.Source[71]	
Controller.Micro850.Micro850.Main.AWT_1.Source[72]	
Controller.Micro850.Micro850.Main.AWT_1.Source[73]	
Controller.Micro850.Micro850.Main.AWT_1.Source[74]	
Controller.Micro850.Micro850.Main.AWT_1.Source[75]	
Controller.Micro850.Micro850.Main.AWT_1.Source[76]	
Controller.Micro850.Micro850.Main.AWT_1.Source[77]	
Controller.Micro850.Micro850.Main.AWT_1.Source[78]	
Controller.Micro850.Micro850.Main.AWT_1.Source[79]	
Controller.Micro850.Micro850.Main.AWT_1.Source[8]	
Controller.Micro850.Micro850.Main.AWT_1.Source[80]	
Controller.Micro850.Micro850.Main.AWT_1.Source[81]	
Controller.Micro850.Micro850.Main.AWT_1.Source[82]	
Controller.Micro850.Micro850.Main.AWT_1.Source[9]	
Controller.Micro850.Micro850.Main.buffer_input[0]	
Controller.Micro850.Micro850.Main.buffer_input[1]	
Controller.Micro850.Micro850.Main.buffer_input[2]	
Controller.Micro850.Micro850.Main.buffer_input[3]	
Controller.Micro850.Micro850.Main.buffer_input[4]	
Controller.Micro850.Micro850.Main.buffer_input[5]	
Controller.Micro850.Micro850.Main.buffer_input[6]	
Controller.Micro850.Micro850.Main.buffer_input[7]	
Controller.Micro850.Micro850.Main.buffer_input[8]	
Controller.Micro850.Micro850.Main.bytelower	
Controller.Micro850.Micro850.Main.byteupper	
Controller.Micro850.Micro850.Main.clear_buffer	
Controller.Micro850.Micro850.Main.CommandTest[1]	
Controller.Micro850.Micro850.Main.CommandTest[10]	
Controller.Micro850.Micro850.Main.CommandTest[11]	
Controller.Micro850.Micro850.Main.CommandTest[12]	
Controller.Micro850.Micro850.Main.CommandTest[13]	
Controller.Micro850.Micro850.Main.CommandTest[14]	
Controller.Micro850.Micro850.Main.CommandTest[15]	
Controller.Micro850.Micro850.Main.CommandTest[16]	
Controller.Micro850.Micro850.Main.CommandTest[17]	
Controller.Micro850.Micro850.Main.CommandTest[18]	
Controller.Micro850.Micro850.Main.CommandTest[19]	
Controller.Micro850.Micro850.Main.CommandTest[2]	
Controller.Micro850.Micro850.Main.CommandTest[20]	
Controller.Micro850.Micro850.Main.CommandTest[21]	
Controller.Micro850.Micro850.Main.CommandTest[22]	
Controller.Micro850.Micro850.Main.CommandTest[23]	
Controller.Micro850.Micro850.Main.CommandTest[24]	
Controller.Micro850.Micro850.Main.CommandTest[25]	
Controller.Micro850.Micro850.Main.CommandTest[26]	
Controller.Micro850.Micro850.Main.CommandTest[27]	
Controller.Micro850.Micro850.Main.CommandTest[28]	
Controller.Micro850.Micro850.Main.CommandTest[29]	
Controller.Micro850.Micro850.Main.CommandTest[3]	
Controller.Micro850.Micro850.Main.CommandTest[30]	
Controller.Micro850.Micro850.Main.CommandTest[31]	
Controller.Micro850.Micro850.Main.CommandTest[32]	
Controller.Micro850.Micro850.Main.CommandTest[33]	
Controller.Micro850.Micro850.Main.CommandTest[34]	
Controller.Micro850.Micro850.Main.CommandTest[35]	
Controller.Micro850.Micro850.Main.CommandTest[36]	
Controller.Micro850.Micro850.Main.CommandTest[37]	
Controller.Micro850.Micro850.Main.CommandTest[38]	
Controller.Micro850.Micro850.Main.CommandTest[39]	
Controller.Micro850.Micro850.Main.CommandTest[4]	
Controller.Micro850.Micro850.Main.CommandTest[40]	
Controller.Micro850.Micro850.Main.CommandTest[41]	
Controller.Micro850.Micro850.Main.CommandTest[42]	
Controller.Micro850.Micro850.Main.CommandTest[43]	
Controller.Micro850.Micro850.Main.CommandTest[44]	
Controller.Micro850.Micro850.Main.CommandTest[45]	
Controller.Micro850.Micro850.Main.CommandTest[46]	
Controller.Micro850.Micro850.Main.CommandTest[47]	
Controller.Micro850.Micro850.Main.CommandTest[48]	
Controller.Micro850.Micro850.Main.CommandTest[49]	
Controller.Micro850.Micro850.Main.CommandTest[5]	
Controller.Micro850.Micro850.Main.CommandTest[50]	
Controller.Micro850.Micro850.Main.CommandTest[51]	
Controller.Micro850.Micro850.Main.CommandTest[52]	
Controller.Micro850.Micro850.Main.CommandTest[53]	
Controller.Micro850.Micro850.Main.CommandTest[54]	
Controller.Micro850.Micro850.Main.CommandTest[55]	
Controller.Micro850.Micro850.Main.CommandTest[56]	
Controller.Micro850.Micro850.Main.CommandTest[57]	
Controller.Micro850.Micro850.Main.CommandTest[58]	
Controller.Micro850.Micro850.Main.CommandTest[59]	
Controller.Micro850.Micro850.Main.CommandTest[6]	
Controller.Micro850.Micro850.Main.CommandTest[60]	
Controller.Micro850.Micro850.Main.CommandTest[61]	
Controller.Micro850.Micro850.Main.CommandTest[62]	
Controller.Micro850.Micro850.Main.CommandTest[63]	
Controller.Micro850.Micro850.Main.CommandTest[64]	
Controller.Micro850.Micro850.Main.CommandTest[65]	
Controller.Micro850.Micro850.Main.CommandTest[66]	
Controller.Micro850.Micro850.Main.CommandTest[67]	
Controller.Micro850.Micro850.Main.CommandTest[68]	
Controller.Micro850.Micro850.Main.CommandTest[69]	
Controller.Micro850.Micro850.Main.CommandTest[7]	
Controller.Micro850.Micro850.Main.CommandTest[70]	
Controller.Micro850.Micro850.Main.CommandTest[71]	
Controller.Micro850.Micro850.Main.CommandTest[72]	
Controller.Micro850.Micro850.Main.CommandTest[73]	
Controller.Micro850.Micro850.Main.CommandTest[74]	
Controller.Micro850.Micro850.Main.CommandTest[75]	
Controller.Micro850.Micro850.Main.CommandTest[76]	
Controller.Micro850.Micro850.Main.CommandTest[77]	
Controller.Micro850.Micro850.Main.CommandTest[78]	
Controller.Micro850.Micro850.Main.CommandTest[79]	
Controller.Micro850.Micro850.Main.CommandTest[8]	
Controller.Micro850.Micro850.Main.CommandTest[80]	
Controller.Micro850.Micro850.Main.CommandTest[81]	
Controller.Micro850.Micro850.Main.CommandTest[82]	
Controller.Micro850.Micro850.Main.CommandTest[9]	
Controller.Micro850.Micro850.Main.COP_1.__ADI_Dest	
Controller.Micro850.Micro850.Main.COP_1.__ADI_Src	
Controller.Micro850.Micro850.Main.COP_1.__DTI_Dest	
Controller.Micro850.Micro850.Main.COP_1.__DTI_Src	
Controller.Micro850.Micro850.Main.COP_1.Dest[1]	
Controller.Micro850.Micro850.Main.COP_1.DestOffset	
Controller.Micro850.Micro850.Main.COP_1.Enable	
Controller.Micro850.Micro850.Main.COP_1.Length	
Controller.Micro850.Micro850.Main.COP_1.Src[1]	
Controller.Micro850.Micro850.Main.COP_1.SrcOffset	
Controller.Micro850.Micro850.Main.COP_1.Sts	
Controller.Micro850.Micro850.Main.COP_1.Swap	
Controller.Micro850.Micro850.Main.COP_Special_1.i	
Controller.Micro850.Micro850.Main.COP_Special_1.input[1]	
Controller.Micro850.Micro850.Main.COP_Special_1.input[10]	
Controller.Micro850.Micro850.Main.COP_Special_1.input[11]	
Controller.Micro850.Micro850.Main.COP_Special_1.input[12]	
Controller.Micro850.Micro850.Main.COP_Special_1.input[13]	
Controller.Micro850.Micro850.Main.COP_Special_1.input[14]	
Controller.Micro850.Micro850.Main.COP_Special_1.input[15]	
Controller.Micro850.Micro850.Main.COP_Special_1.input[16]	
Controller.Micro850.Micro850.Main.COP_Special_1.input[17]	
Controller.Micro850.Micro850.Main.COP_Special_1.input[18]	
Controller.Micro850.Micro850.Main.COP_Special_1.input[19]	
Controller.Micro850.Micro850.Main.COP_Special_1.input[2]	
Controller.Micro850.Micro850.Main.COP_Special_1.input[20]	
Controller.Micro850.Micro850.Main.COP_Special_1.input[21]	
Controller.Micro850.Micro850.Main.COP_Special_1.input[22]	
Controller.Micro850.Micro850.Main.COP_Special_1.input[23]	
Controller.Micro850.Micro850.Main.COP_Special_1.input[24]	
Controller.Micro850.Micro850.Main.COP_Special_1.input[25]	
Controller.Micro850.Micro850.Main.COP_Special_1.input[26]	
Controller.Micro850.Micro850.Main.COP_Special_1.input[27]	
Controller.Micro850.Micro850.Main.COP_Special_1.input[28]	
Controller.Micro850.Micro850.Main.COP_Special_1.input[29]	
Controller.Micro850.Micro850.Main.COP_Special_1.input[3]	
Controller.Micro850.Micro850.Main.COP_Special_1.input[30]	
Controller.Micro850.Micro850.Main.COP_Special_1.input[31]	
Controller.Micro850.Micro850.Main.COP_Special_1.input[32]	
Controller.Micro850.Micro850.Main.COP_Special_1.input[33]	
Controller.Micro850.Micro850.Main.COP_Special_1.input[34]	
Controller.Micro850.Micro850.Main.COP_Special_1.input[35]	
Controller.Micro850.Micro850.Main.COP_Special_1.input[36]	
Controller.Micro850.Micro850.Main.COP_Special_1.input[37]	
Controller.Micro850.Micro850.Main.COP_Special_1.input[38]	
Controller.Micro850.Micro850.Main.COP_Special_1.input[39]	
Controller.Micro850.Micro850.Main.COP_Special_1.input[4]	
Controller.Micro850.Micro850.Main.COP_Special_1.input[40]	
Controller.Micro850.Micro850.Main.COP_Special_1.input[41]	
Controller.Micro850.Micro850.Main.COP_Special_1.input[42]	
Controller.Micro850.Micro850.Main.COP_Special_1.input[43]	
Controller.Micro850.Micro850.Main.COP_Special_1.input[44]	
Controller.Micro850.Micro850.Main.COP_Special_1.input[45]	
Controller.Micro850.Micro850.Main.COP_Special_1.input[46]	
Controller.Micro850.Micro850.Main.COP_Special_1.input[47]	
Controller.Micro850.Micro850.Main.COP_Special_1.input[48]	
Controller.Micro850.Micro850.Main.COP_Special_1.input[49]	
Controller.Micro850.Micro850.Main.COP_Special_1.input[5]	
Controller.Micro850.Micro850.Main.COP_Special_1.input[50]	
Controller.Micro850.Micro850.Main.COP_Special_1.input[51]	
Controller.Micro850.Micro850.Main.COP_Special_1.input[52]	
Controller.Micro850.Micro850.Main.COP_Special_1.input[53]	
Controller.Micro850.Micro850.Main.COP_Special_1.input[54]	
Controller.Micro850.Micro850.Main.COP_Special_1.input[55]	
Controller.Micro850.Micro850.Main.COP_Special_1.input[56]	
Controller.Micro850.Micro850.Main.COP_Special_1.input[57]	
Controller.Micro850.Micro850.Main.COP_Special_1.input[58]	
Controller.Micro850.Micro850.Main.COP_Special_1.input[59]	
Controller.Micro850.Micro850.Main.COP_Special_1.input[6]	
Controller.Micro850.Micro850.Main.COP_Special_1.input[60]	
Controller.Micro850.Micro850.Main.COP_Special_1.input[61]	
Controller.Micro850.Micro850.Main.COP_Special_1.input[62]	
Controller.Micro850.Micro850.Main.COP_Special_1.input[63]	
Controller.Micro850.Micro850.Main.COP_Special_1.input[64]	
Controller.Micro850.Micro850.Main.COP_Special_1.input[65]	
Controller.Micro850.Micro850.Main.COP_Special_1.input[66]	
Controller.Micro850.Micro850.Main.COP_Special_1.input[67]	
Controller.Micro850.Micro850.Main.COP_Special_1.input[68]	
Controller.Micro850.Micro850.Main.COP_Special_1.input[69]	
Controller.Micro850.Micro850.Main.COP_Special_1.input[7]	
Controller.Micro850.Micro850.Main.COP_Special_1.input[70]	
Controller.Micro850.Micro850.Main.COP_Special_1.input[71]	
Controller.Micro850.Micro850.Main.COP_Special_1.input[72]	
Controller.Micro850.Micro850.Main.COP_Special_1.input[73]	
Controller.Micro850.Micro850.Main.COP_Special_1.input[74]	
Controller.Micro850.Micro850.Main.COP_Special_1.input[75]	
Controller.Micro850.Micro850.Main.COP_Special_1.input[76]	
Controller.Micro850.Micro850.Main.COP_Special_1.input[77]	
Controller.Micro850.Micro850.Main.COP_Special_1.input[78]	
Controller.Micro850.Micro850.Main.COP_Special_1.input[79]	
Controller.Micro850.Micro850.Main.COP_Special_1.input[8]	
Controller.Micro850.Micro850.Main.COP_Special_1.input[80]	
Controller.Micro850.Micro850.Main.COP_Special_1.input[81]	
Controller.Micro850.Micro850.Main.COP_Special_1.input[82]	
Controller.Micro850.Micro850.Main.COP_Special_1.input[9]	
Controller.Micro850.Micro850.Main.COP_Special_1.output[0]	
Controller.Micro850.Micro850.Main.COP_Special_1.output[1]	
Controller.Micro850.Micro850.Main.COP_Special_1.output[2]	
Controller.Micro850.Micro850.Main.COP_Special_1.output[3]	
Controller.Micro850.Micro850.Main.COP_Special_1.output[4]	
Controller.Micro850.Micro850.Main.COP_Special_1.output[5]	
Controller.Micro850.Micro850.Main.COP_Special_1.output[6]	
Controller.Micro850.Micro850.Main.COP_Special_1.output[7]	
Controller.Micro850.Micro850.Main.COP_Special_1.output[8]	
Controller.Micro850.Micro850.Main.COP_Special_1.Start	
Controller.Micro850.Micro850.Main.des[1]	
Controller.Micro850.Micro850.Main.des[10]	
Controller.Micro850.Micro850.Main.des[11]	
Controller.Micro850.Micro850.Main.des[12]	
Controller.Micro850.Micro850.Main.des[13]	
Controller.Micro850.Micro850.Main.des[14]	
Controller.Micro850.Micro850.Main.des[15]	
Controller.Micro850.Micro850.Main.des[16]	
Controller.Micro850.Micro850.Main.des[17]	
Controller.Micro850.Micro850.Main.des[18]	
Controller.Micro850.Micro850.Main.des[19]	
Controller.Micro850.Micro850.Main.des[2]	
Controller.Micro850.Micro850.Main.des[20]	
Controller.Micro850.Micro850.Main.des[21]	
Controller.Micro850.Micro850.Main.des[22]	
Controller.Micro850.Micro850.Main.des[23]	
Controller.Micro850.Micro850.Main.des[24]	
Controller.Micro850.Micro850.Main.des[25]	
Controller.Micro850.Micro850.Main.des[26]	
Controller.Micro850.Micro850.Main.des[27]	
Controller.Micro850.Micro850.Main.des[28]	
Controller.Micro850.Micro850.Main.des[29]	
Controller.Micro850.Micro850.Main.des[3]	
Controller.Micro850.Micro850.Main.des[30]	
Controller.Micro850.Micro850.Main.des[31]	
Controller.Micro850.Micro850.Main.des[32]	
Controller.Micro850.Micro850.Main.des[33]	
Controller.Micro850.Micro850.Main.des[34]	
Controller.Micro850.Micro850.Main.des[35]	
Controller.Micro850.Micro850.Main.des[36]	
Controller.Micro850.Micro850.Main.des[37]	
Controller.Micro850.Micro850.Main.des[38]	
Controller.Micro850.Micro850.Main.des[39]	
Controller.Micro850.Micro850.Main.des[4]	
Controller.Micro850.Micro850.Main.des[40]	
Controller.Micro850.Micro850.Main.des[41]	
Controller.Micro850.Micro850.Main.des[42]	
Controller.Micro850.Micro850.Main.des[43]	
Controller.Micro850.Micro850.Main.des[44]	
Controller.Micro850.Micro850.Main.des[45]	
Controller.Micro850.Micro850.Main.des[46]	
Controller.Micro850.Micro850.Main.des[47]	
Controller.Micro850.Micro850.Main.des[48]	
Controller.Micro850.Micro850.Main.des[49]	
Controller.Micro850.Micro850.Main.des[5]	
Controller.Micro850.Micro850.Main.des[50]	
Controller.Micro850.Micro850.Main.des[51]	
Controller.Micro850.Micro850.Main.des[52]	
Controller.Micro850.Micro850.Main.des[53]	
Controller.Micro850.Micro850.Main.des[54]	
Controller.Micro850.Micro850.Main.des[55]	
Controller.Micro850.Micro850.Main.des[56]	
Controller.Micro850.Micro850.Main.des[57]	
Controller.Micro850.Micro850.Main.des[58]	
Controller.Micro850.Micro850.Main.des[59]	
Controller.Micro850.Micro850.Main.des[6]	
Controller.Micro850.Micro850.Main.des[60]	
Controller.Micro850.Micro850.Main.des[61]	
Controller.Micro850.Micro850.Main.des[62]	
Controller.Micro850.Micro850.Main.des[63]	
Controller.Micro850.Micro850.Main.des[64]	
Controller.Micro850.Micro850.Main.des[65]	
Controller.Micro850.Micro850.Main.des[66]	
Controller.Micro850.Micro850.Main.des[67]	
Controller.Micro850.Micro850.Main.des[68]	
Controller.Micro850.Micro850.Main.des[69]	
Controller.Micro850.Micro850.Main.des[7]	
Controller.Micro850.Micro850.Main.des[70]	
Controller.Micro850.Micro850.Main.des[71]	
Controller.Micro850.Micro850.Main.des[72]	
Controller.Micro850.Micro850.Main.des[73]	
Controller.Micro850.Micro850.Main.des[74]	
Controller.Micro850.Micro850.Main.des[75]	
Controller.Micro850.Micro850.Main.des[76]	
Controller.Micro850.Micro850.Main.des[77]	
Controller.Micro850.Micro850.Main.des[78]	
Controller.Micro850.Micro850.Main.des[79]	
Controller.Micro850.Micro850.Main.des[8]	
Controller.Micro850.Micro850.Main.des[80]	
Controller.Micro850.Micro850.Main.des[81]	
Controller.Micro850.Micro850.Main.des[82]	
Controller.Micro850.Micro850.Main.des[9]	
Controller.Micro850.Micro850.Main.error	
Controller.Micro850.Micro850.Main.error2	
Controller.Micro850.Micro850.Main.errorid2	
Controller.Micro850.Micro850.Main.Generate_Bytes_1.input	
Controller.Micro850.Micro850.Main.Generate_Bytes_1.lower_byte	
Controller.Micro850.Micro850.Main.Generate_Bytes_1.Start	
Controller.Micro850.Micro850.Main.Generate_Bytes_1.upper_byte	
Controller.Micro850.Micro850.Main.Generate_CRC_1.i	
Controller.Micro850.Micro850.Main.Generate_CRC_1.input[0]	
Controller.Micro850.Micro850.Main.Generate_CRC_1.input[1]	
Controller.Micro850.Micro850.Main.Generate_CRC_1.input[2]	
Controller.Micro850.Micro850.Main.Generate_CRC_1.input[3]	
Controller.Micro850.Micro850.Main.Generate_CRC_1.input[4]	
Controller.Micro850.Micro850.Main.Generate_CRC_1.input[5]	
Controller.Micro850.Micro850.Main.Generate_CRC_1.input[6]	
Controller.Micro850.Micro850.Main.Generate_CRC_1.input[7]	
Controller.Micro850.Micro850.Main.Generate_CRC_1.input[8]	
Controller.Micro850.Micro850.Main.Generate_CRC_1.j	
Controller.Micro850.Micro850.Main.Generate_CRC_1.mask	
Controller.Micro850.Micro850.Main.Generate_CRC_1.msbit	
Controller.Micro850.Micro850.Main.Generate_CRC_1.output	
Controller.Micro850.Micro850.Main.Generate_CRC_1.R_TRIG_1.CLK	
Controller.Micro850.Micro850.Main.Generate_CRC_1.R_TRIG_1.Q	
Controller.Micro850.Micro850.Main.Generate_CRC_1.R_TRIG_1.Redge	
Controller.Micro850.Micro850.Main.Generate_CRC_1.remainder	
Controller.Micro850.Micro850.Main.Generate_CRC_1.start	
Controller.Micro850.Micro850.Main.getLEDPos_1.base2	
Controller.Micro850.Micro850.Main.getLEDPos_1.bitpos	
Controller.Micro850.Micro850.Main.getLEDPos_1.column	
Controller.Micro850.Micro850.Main.getLEDPos_1.inputPos	
Controller.Micro850.Micro850.Main.getLEDPos_1.modResult	
Controller.Micro850.Micro850.Main.getLEDPos_1.outColumn	
Controller.Micro850.Micro850.Main.getLEDPos_1.outRow	
Controller.Micro850.Micro850.Main.getLEDPos_1.row	
Controller.Micro850.Micro850.Main.getLEDPos_2.base2	
Controller.Micro850.Micro850.Main.getLEDPos_2.bitpos	
Controller.Micro850.Micro850.Main.getLEDPos_2.column	
Controller.Micro850.Micro850.Main.getLEDPos_2.inputPos	
Controller.Micro850.Micro850.Main.getLEDPos_2.modResult	
Controller.Micro850.Micro850.Main.getLEDPos_2.outColumn	
Controller.Micro850.Micro850.Main.getLEDPos_2.outRow	
Controller.Micro850.Micro850.Main.getLEDPos_2.row	
Controller.Micro850.Micro850.Main.id	
Controller.Micro850.Micro850.Main.in	
Controller.Micro850.Micro850.Main.in_abl	
Controller.Micro850.Micro850.Main.in_acb	
Controller.Micro850.Micro850.Main.input.Cancel	
Controller.Micro850.Micro850.Main.input.Channel	
Controller.Micro850.Micro850.Main.input.Length	
Controller.Micro850.Micro850.Main.input_abl.Cancel	
Controller.Micro850.Micro850.Main.input_abl.Channel	
Controller.Micro850.Micro850.Main.input_abl.TriggerType	
Controller.Micro850.Micro850.Main.input_acb.Cancel	
Controller.Micro850.Micro850.Main.input_acb.Channel	
Controller.Micro850.Micro850.Main.input_acb.TriggerType	
Controller.Micro850.Micro850.Main.input_acl.Channel	
Controller.Micro850.Micro850.Main.input_acl.RXBuffer	
Controller.Micro850.Micro850.Main.input_acl.TXBuffer	
Controller.Micro850.Micro850.Main.input_arl.Cancel	
Controller.Micro850.Micro850.Main.input_arl.Channel	
Controller.Micro850.Micro850.Main.input_arl.Length	
Controller.Micro850.Micro850.Main.k	
Controller.Micro850.Micro850.Main.led_bool[1]	
Controller.Micro850.Micro850.Main.led_bool[10]	
Controller.Micro850.Micro850.Main.led_bool[11]	
Controller.Micro850.Micro850.Main.led_bool[12]	
Controller.Micro850.Micro850.Main.led_bool[13]	
Controller.Micro850.Micro850.Main.led_bool[14]	
Controller.Micro850.Micro850.Main.led_bool[15]	
Controller.Micro850.Micro850.Main.led_bool[16]	
Controller.Micro850.Micro850.Main.led_bool[17]	
Controller.Micro850.Micro850.Main.led_bool[18]	
Controller.Micro850.Micro850.Main.led_bool[19]	
Controller.Micro850.Micro850.Main.led_bool[2]	
Controller.Micro850.Micro850.Main.led_bool[20]	
Controller.Micro850.Micro850.Main.led_bool[21]	
Controller.Micro850.Micro850.Main.led_bool[22]	
Controller.Micro850.Micro850.Main.led_bool[23]	
Controller.Micro850.Micro850.Main.led_bool[24]	
Controller.Micro850.Micro850.Main.led_bool[25]	
Controller.Micro850.Micro850.Main.led_bool[26]	
Controller.Micro850.Micro850.Main.led_bool[27]	
Controller.Micro850.Micro850.Main.led_bool[28]	
Controller.Micro850.Micro850.Main.led_bool[29]	
Controller.Micro850.Micro850.Main.led_bool[3]	
Controller.Micro850.Micro850.Main.led_bool[30]	
Controller.Micro850.Micro850.Main.led_bool[31]	
Controller.Micro850.Micro850.Main.led_bool[32]	
Controller.Micro850.Micro850.Main.led_bool[33]	
Controller.Micro850.Micro850.Main.led_bool[34]	
Controller.Micro850.Micro850.Main.led_bool[35]	
Controller.Micro850.Micro850.Main.led_bool[36]	
Controller.Micro850.Micro850.Main.led_bool[37]	
Controller.Micro850.Micro850.Main.led_bool[38]	
Controller.Micro850.Micro850.Main.led_bool[39]	
Controller.Micro850.Micro850.Main.led_bool[4]	
Controller.Micro850.Micro850.Main.led_bool[40]	
Controller.Micro850.Micro850.Main.led_bool[41]	
Controller.Micro850.Micro850.Main.led_bool[42]	
Controller.Micro850.Micro850.Main.led_bool[43]	
Controller.Micro850.Micro850.Main.led_bool[44]	
Controller.Micro850.Micro850.Main.led_bool[45]	
Controller.Micro850.Micro850.Main.led_bool[46]	
Controller.Micro850.Micro850.Main.led_bool[47]	
Controller.Micro850.Micro850.Main.led_bool[48]	
Controller.Micro850.Micro850.Main.led_bool[49]	
Controller.Micro850.Micro850.Main.led_bool[5]	
Controller.Micro850.Micro850.Main.led_bool[50]	
Controller.Micro850.Micro850.Main.led_bool[6]	
Controller.Micro850.Micro850.Main.led_bool[7]	
Controller.Micro850.Micro850.Main.led_bool[8]	
Controller.Micro850.Micro850.Main.led_bool[9]	
Controller.Micro850.Micro850.Main.led_mask	
Controller.Micro850.Micro850.Main.led_masked	
Controller.Micro850.Micro850.Main.led_test	
Controller.Micro850.Micro850.Main.mask	
Controller.Micro850.Micro850.Main.max_speed	
Controller.Micro850.Micro850.Main.modbus_map	
Controller.Micro850.Micro850.Main.motorA_BW	
Controller.Micro850.Micro850.Main.motorA_Count	
Controller.Micro850.Micro850.Main.motorA_FW	
Controller.Micro850.Micro850.Main.motorA_move	
Controller.Micro850.Micro850.Main.motorA_move_lower	
Controller.Micro850.Micro850.Main.motorA_move_to	
Controller.Micro850.Micro850.Main.motorA_move_to_lower	
Controller.Micro850.Micro850.Main.motorA_move_to_upper	
Controller.Micro850.Micro850.Main.motorA_move_upper	
Controller.Micro850.Micro850.Main.motorA_pos	
Controller.Micro850.Micro850.Main.motorA_Stop	
Controller.Micro850.Micro850.Main.motorB_Count	
Controller.Micro850.Micro850.Main.motorB_FW	
Controller.Micro850.Micro850.Main.motorB_move	
Controller.Micro850.Micro850.Main.motorB_move_lower	
Controller.Micro850.Micro850.Main.motorB_move_to	
Controller.Micro850.Micro850.Main.motorB_move_to_lower	
Controller.Micro850.Micro850.Main.motorB_move_to_upper	
Controller.Micro850.Micro850.Main.motorB_move_upper	
Controller.Micro850.Micro850.Main.motorB_Stop	
Controller.Micro850.Micro850.Main.num	
Controller.Micro850.Micro850.Main.num2	
Controller.Micro850.Micro850.Main.R_TRIG_1.CLK	
Controller.Micro850.Micro850.Main.R_TRIG_1.Q	
Controller.Micro850.Micro850.Main.R_TRIG_1.Redge	
Controller.Micro850.Micro850.Main.R_TRIG_2.CLK	
Controller.Micro850.Micro850.Main.R_TRIG_2.Q	
Controller.Micro850.Micro850.Main.R_TRIG_2.Redge	
Controller.Micro850.Micro850.Main.R_TRIG_3.CLK	
Controller.Micro850.Micro850.Main.R_TRIG_3.Q	
Controller.Micro850.Micro850.Main.R_TRIG_3.Redge	
Controller.Micro850.Micro850.Main.R_TRIG_4.CLK	
Controller.Micro850.Micro850.Main.R_TRIG_4.Q	
Controller.Micro850.Micro850.Main.R_TRIG_4.Redge	
Controller.Micro850.Micro850.Main.R_TRIG_5.CLK	
Controller.Micro850.Micro850.Main.R_TRIG_5.Q	
Controller.Micro850.Micro850.Main.R_TRIG_5.Redge	
Controller.Micro850.Micro850.Main.RA_STRING_TO_ASCII_OUTPUT_1.FBEN	
Controller.Micro850.Micro850.Main.RA_STRING_TO_ASCII_OUTPUT_1.FBENO	
Controller.Micro850.Micro850.Main.RA_STRING_TO_ASCII_OUTPUT_1.Index	
Controller.Micro850.Micro850.Main.RA_STRING_TO_ASCII_OUTPUT_1.Input	
Controller.Micro850.Micro850.Main.RA_STRING_TO_ASCII_OUTPUT_1.NbC	
Controller.Micro850.Micro850.Main.RA_STRING_TO_ASCII_OUTPUT_1.Output[1]	
Controller.Micro850.Micro850.Main.RA_STRING_TO_ASCII_OUTPUT_1.Output[10]	
Controller.Micro850.Micro850.Main.RA_STRING_TO_ASCII_OUTPUT_1.Output[11]	
Controller.Micro850.Micro850.Main.RA_STRING_TO_ASCII_OUTPUT_1.Output[12]	
Controller.Micro850.Micro850.Main.RA_STRING_TO_ASCII_OUTPUT_1.Output[13]	
Controller.Micro850.Micro850.Main.RA_STRING_TO_ASCII_OUTPUT_1.Output[14]	
Controller.Micro850.Micro850.Main.RA_STRING_TO_ASCII_OUTPUT_1.Output[15]	
Controller.Micro850.Micro850.Main.RA_STRING_TO_ASCII_OUTPUT_1.Output[16]	
Controller.Micro850.Micro850.Main.RA_STRING_TO_ASCII_OUTPUT_1.Output[17]	
Controller.Micro850.Micro850.Main.RA_STRING_TO_ASCII_OUTPUT_1.Output[18]	
Controller.Micro850.Micro850.Main.RA_STRING_TO_ASCII_OUTPUT_1.Output[19]	
Controller.Micro850.Micro850.Main.RA_STRING_TO_ASCII_OUTPUT_1.Output[2]	
Controller.Micro850.Micro850.Main.RA_STRING_TO_ASCII_OUTPUT_1.Output[20]	
Controller.Micro850.Micro850.Main.RA_STRING_TO_ASCII_OUTPUT_1.Output[21]	
Controller.Micro850.Micro850.Main.RA_STRING_TO_ASCII_OUTPUT_1.Output[22]	
Controller.Micro850.Micro850.Main.RA_STRING_TO_ASCII_OUTPUT_1.Output[23]	
Controller.Micro850.Micro850.Main.RA_STRING_TO_ASCII_OUTPUT_1.Output[24]	
Controller.Micro850.Micro850.Main.RA_STRING_TO_ASCII_OUTPUT_1.Output[25]	
Controller.Micro850.Micro850.Main.RA_STRING_TO_ASCII_OUTPUT_1.Output[26]	
Controller.Micro850.Micro850.Main.RA_STRING_TO_ASCII_OUTPUT_1.Output[27]	
Controller.Micro850.Micro850.Main.RA_STRING_TO_ASCII_OUTPUT_1.Output[28]	
Controller.Micro850.Micro850.Main.RA_STRING_TO_ASCII_OUTPUT_1.Output[29]	
Controller.Micro850.Micro850.Main.RA_STRING_TO_ASCII_OUTPUT_1.Output[3]	
Controller.Micro850.Micro850.Main.RA_STRING_TO_ASCII_OUTPUT_1.Output[30]	
Controller.Micro850.Micro850.Main.RA_STRING_TO_ASCII_OUTPUT_1.Output[31]	
Controller.Micro850.Micro850.Main.RA_STRING_TO_ASCII_OUTPUT_1.Output[32]	
Controller.Micro850.Micro850.Main.RA_STRING_TO_ASCII_OUTPUT_1.Output[33]	
Controller.Micro850.Micro850.Main.RA_STRING_TO_ASCII_OUTPUT_1.Output[34]	
Controller.Micro850.Micro850.Main.RA_STRING_TO_ASCII_OUTPUT_1.Output[35]	
Controller.Micro850.Micro850.Main.RA_STRING_TO_ASCII_OUTPUT_1.Output[36]	
Controller.Micro850.Micro850.Main.RA_STRING_TO_ASCII_OUTPUT_1.Output[37]	
Controller.Micro850.Micro850.Main.RA_STRING_TO_ASCII_OUTPUT_1.Output[38]	
Controller.Micro850.Micro850.Main.RA_STRING_TO_ASCII_OUTPUT_1.Output[39]	
Controller.Micro850.Micro850.Main.RA_STRING_TO_ASCII_OUTPUT_1.Output[4]	
Controller.Micro850.Micro850.Main.RA_STRING_TO_ASCII_OUTPUT_1.Output[40]	
Controller.Micro850.Micro850.Main.RA_STRING_TO_ASCII_OUTPUT_1.Output[41]	
Controller.Micro850.Micro850.Main.RA_STRING_TO_ASCII_OUTPUT_1.Output[42]	
Controller.Micro850.Micro850.Main.RA_STRING_TO_ASCII_OUTPUT_1.Output[43]	
Controller.Micro850.Micro850.Main.RA_STRING_TO_ASCII_OUTPUT_1.Output[44]	
Controller.Micro850.Micro850.Main.RA_STRING_TO_ASCII_OUTPUT_1.Output[45]	
Controller.Micro850.Micro850.Main.RA_STRING_TO_ASCII_OUTPUT_1.Output[46]	
Controller.Micro850.Micro850.Main.RA_STRING_TO_ASCII_OUTPUT_1.Output[47]	
Controller.Micro850.Micro850.Main.RA_STRING_TO_ASCII_OUTPUT_1.Output[48]	
Controller.Micro850.Micro850.Main.RA_STRING_TO_ASCII_OUTPUT_1.Output[49]	
Controller.Micro850.Micro850.Main.RA_STRING_TO_ASCII_OUTPUT_1.Output[5]	
Controller.Micro850.Micro850.Main.RA_STRING_TO_ASCII_OUTPUT_1.Output[50]	
Controller.Micro850.Micro850.Main.RA_STRING_TO_ASCII_OUTPUT_1.Output[51]	
Controller.Micro850.Micro850.Main.RA_STRING_TO_ASCII_OUTPUT_1.Output[52]	
Controller.Micro850.Micro850.Main.RA_STRING_TO_ASCII_OUTPUT_1.Output[53]	
Controller.Micro850.Micro850.Main.RA_STRING_TO_ASCII_OUTPUT_1.Output[54]	
Controller.Micro850.Micro850.Main.RA_STRING_TO_ASCII_OUTPUT_1.Output[55]	
Controller.Micro850.Micro850.Main.RA_STRING_TO_ASCII_OUTPUT_1.Output[56]	
Controller.Micro850.Micro850.Main.RA_STRING_TO_ASCII_OUTPUT_1.Output[57]	
Controller.Micro850.Micro850.Main.RA_STRING_TO_ASCII_OUTPUT_1.Output[58]	
Controller.Micro850.Micro850.Main.RA_STRING_TO_ASCII_OUTPUT_1.Output[59]	
Controller.Micro850.Micro850.Main.RA_STRING_TO_ASCII_OUTPUT_1.Output[6]	
Controller.Micro850.Micro850.Main.RA_STRING_TO_ASCII_OUTPUT_1.Output[60]	
Controller.Micro850.Micro850.Main.RA_STRING_TO_ASCII_OUTPUT_1.Output[61]	
Controller.Micro850.Micro850.Main.RA_STRING_TO_ASCII_OUTPUT_1.Output[62]	
Controller.Micro850.Micro850.Main.RA_STRING_TO_ASCII_OUTPUT_1.Output[63]	
Controller.Micro850.Micro850.Main.RA_STRING_TO_ASCII_OUTPUT_1.Output[64]	
Controller.Micro850.Micro850.Main.RA_STRING_TO_ASCII_OUTPUT_1.Output[65]	
Controller.Micro850.Micro850.Main.RA_STRING_TO_ASCII_OUTPUT_1.Output[66]	
Controller.Micro850.Micro850.Main.RA_STRING_TO_ASCII_OUTPUT_1.Output[67]	
Controller.Micro850.Micro850.Main.RA_STRING_TO_ASCII_OUTPUT_1.Output[68]	
Controller.Micro850.Micro850.Main.RA_STRING_TO_ASCII_OUTPUT_1.Output[69]	
Controller.Micro850.Micro850.Main.RA_STRING_TO_ASCII_OUTPUT_1.Output[7]	
Controller.Micro850.Micro850.Main.RA_STRING_TO_ASCII_OUTPUT_1.Output[70]	
Controller.Micro850.Micro850.Main.RA_STRING_TO_ASCII_OUTPUT_1.Output[71]	
Controller.Micro850.Micro850.Main.RA_STRING_TO_ASCII_OUTPUT_1.Output[72]	
Controller.Micro850.Micro850.Main.RA_STRING_TO_ASCII_OUTPUT_1.Output[73]	
Controller.Micro850.Micro850.Main.RA_STRING_TO_ASCII_OUTPUT_1.Output[74]	
Controller.Micro850.Micro850.Main.RA_STRING_TO_ASCII_OUTPUT_1.Output[75]	
Controller.Micro850.Micro850.Main.RA_STRING_TO_ASCII_OUTPUT_1.Output[76]	
Controller.Micro850.Micro850.Main.RA_STRING_TO_ASCII_OUTPUT_1.Output[77]	
Controller.Micro850.Micro850.Main.RA_STRING_TO_ASCII_OUTPUT_1.Output[78]	
Controller.Micro850.Micro850.Main.RA_STRING_TO_ASCII_OUTPUT_1.Output[79]	
Controller.Micro850.Micro850.Main.RA_STRING_TO_ASCII_OUTPUT_1.Output[8]	
Controller.Micro850.Micro850.Main.RA_STRING_TO_ASCII_OUTPUT_1.Output[80]	
Controller.Micro850.Micro850.Main.RA_STRING_TO_ASCII_OUTPUT_1.Output[81]	
Controller.Micro850.Micro850.Main.RA_STRING_TO_ASCII_OUTPUT_1.Output[82]	
Controller.Micro850.Micro850.Main.RA_STRING_TO_ASCII_OUTPUT_1.Output[9]	
Controller.Micro850.Micro850.Main.read_counts	
Controller.Micro850.Micro850.Main.readinput.Cancel	
Controller.Micro850.Micro850.Main.readinput.Channel	
Controller.Micro850.Micro850.Main.readinput.Length	
Controller.Micro850.Micro850.Main.ReadTest	
Controller.Micro850.Micro850.Main.reset	
Controller.Micro850.Micro850.Main.SendCmd	
Controller.Micro850.Micro850.Main.sendCommand	
Controller.Micro850.Micro850.Main.source[1]	
Controller.Micro850.Micro850.Main.source[10]	
Controller.Micro850.Micro850.Main.source[11]	
Controller.Micro850.Micro850.Main.source[12]	
Controller.Micro850.Micro850.Main.source[13]	
Controller.Micro850.Micro850.Main.source[14]	
Controller.Micro850.Micro850.Main.source[15]	
Controller.Micro850.Micro850.Main.source[16]	
Controller.Micro850.Micro850.Main.source[17]	
Controller.Micro850.Micro850.Main.source[18]	
Controller.Micro850.Micro850.Main.source[19]	
Controller.Micro850.Micro850.Main.source[2]	
Controller.Micro850.Micro850.Main.source[20]	
Controller.Micro850.Micro850.Main.source[21]	
Controller.Micro850.Micro850.Main.source[22]	
Controller.Micro850.Micro850.Main.source[23]	
Controller.Micro850.Micro850.Main.source[24]	
Controller.Micro850.Micro850.Main.source[25]	
Controller.Micro850.Micro850.Main.source[26]	
Controller.Micro850.Micro850.Main.source[27]	
Controller.Micro850.Micro850.Main.source[28]	
Controller.Micro850.Micro850.Main.source[29]	
Controller.Micro850.Micro850.Main.source[3]	
Controller.Micro850.Micro850.Main.source[30]	
Controller.Micro850.Micro850.Main.source[31]	
Controller.Micro850.Micro850.Main.source[32]	
Controller.Micro850.Micro850.Main.source[33]	
Controller.Micro850.Micro850.Main.source[34]	
Controller.Micro850.Micro850.Main.source[35]	
Controller.Micro850.Micro850.Main.source[36]	
Controller.Micro850.Micro850.Main.source[37]	
Controller.Micro850.Micro850.Main.source[38]	
Controller.Micro850.Micro850.Main.source[39]	
Controller.Micro850.Micro850.Main.source[4]	
Controller.Micro850.Micro850.Main.source[40]	
Controller.Micro850.Micro850.Main.source[41]	
Controller.Micro850.Micro850.Main.source[42]	
Controller.Micro850.Micro850.Main.source[43]	
Controller.Micro850.Micro850.Main.source[44]	
Controller.Micro850.Micro850.Main.source[45]	
Controller.Micro850.Micro850.Main.source[46]	
Controller.Micro850.Micro850.Main.source[47]	
Controller.Micro850.Micro850.Main.source[48]	
Controller.Micro850.Micro850.Main.source[49]	
Controller.Micro850.Micro850.Main.source[5]	
Controller.Micro850.Micro850.Main.source[50]	
Controller.Micro850.Micro850.Main.source[51]	
Controller.Micro850.Micro850.Main.source[52]	
Controller.Micro850.Micro850.Main.source[53]	
Controller.Micro850.Micro850.Main.source[54]	
Controller.Micro850.Micro850.Main.source[55]	
Controller.Micro850.Micro850.Main.source[56]	
Controller.Micro850.Micro850.Main.source[57]	
Controller.Micro850.Micro850.Main.source[58]	
Controller.Micro850.Micro850.Main.source[59]	
Controller.Micro850.Micro850.Main.source[6]	
Controller.Micro850.Micro850.Main.source[60]	
Controller.Micro850.Micro850.Main.source[61]	
Controller.Micro850.Micro850.Main.source[62]	
Controller.Micro850.Micro850.Main.source[63]	
Controller.Micro850.Micro850.Main.source[64]	
Controller.Micro850.Micro850.Main.source[65]	
Controller.Micro850.Micro850.Main.source[66]	
Controller.Micro850.Micro850.Main.source[67]	
Controller.Micro850.Micro850.Main.source[68]	
Controller.Micro850.Micro850.Main.source[69]	
Controller.Micro850.Micro850.Main.source[7]	
Controller.Micro850.Micro850.Main.source[70]	
Controller.Micro850.Micro850.Main.source[71]	
Controller.Micro850.Micro850.Main.source[72]	
Controller.Micro850.Micro850.Main.source[73]	
Controller.Micro850.Micro850.Main.source[74]	
Controller.Micro850.Micro850.Main.source[75]	
Controller.Micro850.Micro850.Main.source[76]	
Controller.Micro850.Micro850.Main.source[77]	
Controller.Micro850.Micro850.Main.source[78]	
Controller.Micro850.Micro850.Main.source[79]	
Controller.Micro850.Micro850.Main.source[8]	
Controller.Micro850.Micro850.Main.source[80]	
Controller.Micro850.Micro850.Main.source[81]	
Controller.Micro850.Micro850.Main.source[82]	
Controller.Micro850.Micro850.Main.source[9]	
Controller.Micro850.Micro850.Main.Start_COP	
Controller.Micro850.Micro850.Main.Start_CRC	
Controller.Micro850.Micro850.Main.Start_GenBytes	
Controller.Micro850.Micro850.Main.state_wait_for_pos_reached	
Controller.Micro850.Micro850.Main.stress_test	
Controller.Micro850.Micro850.Main.TON_1.ET	
Controller.Micro850.Micro850.Main.TON_1.IN	
Controller.Micro850.Micro850.Main.TON_1.Pdate	
Controller.Micro850.Micro850.Main.TON_1.PT	
Controller.Micro850.Micro850.Main.TON_1.Q	
Controller.Micro850.Micro850.Main.TON_1.Redge	
Controller.Micro850.Micro850.Main.total_green	
Controller.Micro850.Micro850.Main.two_motors_run	
Controller.Micro850.Micro850.Phone_Readout	
Controller.Micro850.Micro850.Pos_Reached	
Controller.Micro850.Micro850.Solenoid.TON_1.ET	
Controller.Micro850.Micro850.Solenoid.TON_1.IN	
Controller.Micro850.Micro850.Solenoid.TON_1.Pdate	
Controller.Micro850.Micro850.Solenoid.TON_1.PT	
Controller.Micro850.Micro850.Solenoid.TON_1.Q	
Controller.Micro850.Micro850.Solenoid.TON_1.Redge	
Controller.Micro850.Micro850.Solenoid.TON_Solenoid	
Controller.Micro850.Micro850.Test_Solenoid	
