Controller.Micro850.Micro850.__SYSVA_ABORT_CYCLE	
Controller.Micro850.Micro850.__SYSVA_CCEXEC	
Controller.Micro850.Micro850.__SYSVA_CYCLECNT	
Controller.Micro850.Micro850.__SYSVA_CYCLEDATE	
Controller.Micro850.Micro850.__SYSVA_FIRST_SCAN	
Controller.Micro850.Micro850.__SYSVA_KVBCERR	
Controller.Micro850.Micro850.__SYSVA_KVBPERR	
Controller.Micro850.Micro850.__SYSVA_MAJ_ERR_HALT	
Controller.Micro850.Micro850.__SYSVA_POWERUP_BIT	
Controller.Micro850.Micro850.__SYSVA_PROJ_INCOMPLETE	
Controller.Micro850.Micro850.__SYSVA_REMOTE	
Controller.Micro850.Micro850.__SYSVA_RESMODE	
Controller.Micro850.Micro850.__SYSVA_RESNAME	
Controller.Micro850.Micro850.__SYSVA_SCANCNT	
Controller.Micro850.Micro850.__SYSVA_SUSPEND_ID	
Controller.Micro850.Micro850.__SYSVA_TCYCURRENT	
Controller.Micro850.Micro850.__SYSVA_TCYCYCTIME	
Controller.Micro850.Micro850.__SYSVA_TCYMAXIMUM	
Controller.Micro850.Micro850.__SYSVA_TCYOVERFLOW	
Controller.Micro850.Micro850.__SYSVA_TCYWDG	
Controller.Micro850.Micro850.__SYSVA_USER_DATA_LOST	
Controller.Micro850.Micro850._IO_EM_DI_00	
Controller.Micro850.Micro850._IO_EM_DI_01	
Controller.Micro850.Micro850._IO_EM_DI_02	
Controller.Micro850.Micro850._IO_EM_DI_03	
Controller.Micro850.Micro850._IO_EM_DI_04	
Controller.Micro850.Micro850._IO_EM_DI_05	
Controller.Micro850.Micro850._IO_EM_DI_06	
Controller.Micro850.Micro850._IO_EM_DI_07	
Controller.Micro850.Micro850._IO_EM_DI_08	
Controller.Micro850.Micro850._IO_EM_DI_09	
Controller.Micro850.Micro850._IO_EM_DI_10	
Controller.Micro850.Micro850._IO_EM_DI_11	
Controller.Micro850.Micro850._IO_EM_DI_12	
Controller.Micro850.Micro850._IO_EM_DI_13	
Controller.Micro850.Micro850._IO_EM_DO_00	
Controller.Micro850.Micro850._IO_EM_DO_01	
Controller.Micro850.Micro850._IO_EM_DO_02	
Controller.Micro850.Micro850._IO_EM_DO_03	
Controller.Micro850.Micro850._IO_EM_DO_04	
Controller.Micro850.Micro850._IO_EM_DO_05	
Controller.Micro850.Micro850._IO_EM_DO_06	
Controller.Micro850.Micro850._IO_EM_DO_07	
Controller.Micro850.Micro850._IO_EM_DO_08	
Controller.Micro850.Micro850._IO_EM_DO_09	
Controller.Micro850.Micro850.ASCII_OUTPUT[1]	
Controller.Micro850.Micro850.ASCII_OUTPUT[10]	
Controller.Micro850.Micro850.ASCII_OUTPUT[11]	
Controller.Micro850.Micro850.ASCII_OUTPUT[12]	
Controller.Micro850.Micro850.ASCII_OUTPUT[13]	
Controller.Micro850.Micro850.ASCII_OUTPUT[14]	
Controller.Micro850.Micro850.ASCII_OUTPUT[15]	
Controller.Micro850.Micro850.ASCII_OUTPUT[16]	
Controller.Micro850.Micro850.ASCII_OUTPUT[17]	
Controller.Micro850.Micro850.ASCII_OUTPUT[18]	
Controller.Micro850.Micro850.ASCII_OUTPUT[19]	
Controller.Micro850.Micro850.ASCII_OUTPUT[2]	
Controller.Micro850.Micro850.ASCII_OUTPUT[20]	
Controller.Micro850.Micro850.ASCII_OUTPUT[21]	
Controller.Micro850.Micro850.ASCII_OUTPUT[22]	
Controller.Micro850.Micro850.ASCII_OUTPUT[23]	
Controller.Micro850.Micro850.ASCII_OUTPUT[24]	
Controller.Micro850.Micro850.ASCII_OUTPUT[25]	
Controller.Micro850.Micro850.ASCII_OUTPUT[26]	
Controller.Micro850.Micro850.ASCII_OUTPUT[27]	
Controller.Micro850.Micro850.ASCII_OUTPUT[28]	
Controller.Micro850.Micro850.ASCII_OUTPUT[29]	
Controller.Micro850.Micro850.ASCII_OUTPUT[3]	
Controller.Micro850.Micro850.ASCII_OUTPUT[30]	
Controller.Micro850.Micro850.ASCII_OUTPUT[31]	
Controller.Micro850.Micro850.ASCII_OUTPUT[32]	
Controller.Micro850.Micro850.ASCII_OUTPUT[33]	
Controller.Micro850.Micro850.ASCII_OUTPUT[34]	
Controller.Micro850.Micro850.ASCII_OUTPUT[35]	
Controller.Micro850.Micro850.ASCII_OUTPUT[36]	
Controller.Micro850.Micro850.ASCII_OUTPUT[37]	
Controller.Micro850.Micro850.ASCII_OUTPUT[38]	
Controller.Micro850.Micro850.ASCII_OUTPUT[39]	
Controller.Micro850.Micro850.ASCII_OUTPUT[4]	
Controller.Micro850.Micro850.ASCII_OUTPUT[40]	
Controller.Micro850.Micro850.ASCII_OUTPUT[41]	
Controller.Micro850.Micro850.ASCII_OUTPUT[42]	
Controller.Micro850.Micro850.ASCII_OUTPUT[43]	
Controller.Micro850.Micro850.ASCII_OUTPUT[44]	
Controller.Micro850.Micro850.ASCII_OUTPUT[45]	
Controller.Micro850.Micro850.ASCII_OUTPUT[46]	
Controller.Micro850.Micro850.ASCII_OUTPUT[47]	
Controller.Micro850.Micro850.ASCII_OUTPUT[48]	
Controller.Micro850.Micro850.ASCII_OUTPUT[49]	
Controller.Micro850.Micro850.ASCII_OUTPUT[5]	
Controller.Micro850.Micro850.ASCII_OUTPUT[50]	
Controller.Micro850.Micro850.ASCII_OUTPUT[51]	
Controller.Micro850.Micro850.ASCII_OUTPUT[52]	
Controller.Micro850.Micro850.ASCII_OUTPUT[53]	
Controller.Micro850.Micro850.ASCII_OUTPUT[54]	
Controller.Micro850.Micro850.ASCII_OUTPUT[55]	
Controller.Micro850.Micro850.ASCII_OUTPUT[56]	
Controller.Micro850.Micro850.ASCII_OUTPUT[57]	
Controller.Micro850.Micro850.ASCII_OUTPUT[58]	
Controller.Micro850.Micro850.ASCII_OUTPUT[59]	
Controller.Micro850.Micro850.ASCII_OUTPUT[6]	
Controller.Micro850.Micro850.ASCII_OUTPUT[60]	
Controller.Micro850.Micro850.ASCII_OUTPUT[61]	
Controller.Micro850.Micro850.ASCII_OUTPUT[62]	
Controller.Micro850.Micro850.ASCII_OUTPUT[63]	
Controller.Micro850.Micro850.ASCII_OUTPUT[64]	
Controller.Micro850.Micro850.ASCII_OUTPUT[65]	
Controller.Micro850.Micro850.ASCII_OUTPUT[66]	
Controller.Micro850.Micro850.ASCII_OUTPUT[67]	
Controller.Micro850.Micro850.ASCII_OUTPUT[68]	
Controller.Micro850.Micro850.ASCII_OUTPUT[69]	
Controller.Micro850.Micro850.ASCII_OUTPUT[7]	
Controller.Micro850.Micro850.ASCII_OUTPUT[70]	
Controller.Micro850.Micro850.ASCII_OUTPUT[71]	
Controller.Micro850.Micro850.ASCII_OUTPUT[72]	
Controller.Micro850.Micro850.ASCII_OUTPUT[73]	
Controller.Micro850.Micro850.ASCII_OUTPUT[74]	
Controller.Micro850.Micro850.ASCII_OUTPUT[75]	
Controller.Micro850.Micro850.ASCII_OUTPUT[76]	
Controller.Micro850.Micro850.ASCII_OUTPUT[77]	
Controller.Micro850.Micro850.ASCII_OUTPUT[78]	
Controller.Micro850.Micro850.ASCII_OUTPUT[79]	
Controller.Micro850.Micro850.ASCII_OUTPUT[8]	
Controller.Micro850.Micro850.ASCII_OUTPUT[80]	
Controller.Micro850.Micro850.ASCII_OUTPUT[81]	
Controller.Micro850.Micro850.ASCII_OUTPUT[82]	
Controller.Micro850.Micro850.ASCII_OUTPUT[9]	
Controller.Micro850.Micro850.CRC.CommandTest[0]	
Controller.Micro850.Micro850.CRC.CommandTest[1]	
Controller.Micro850.Micro850.CRC.CommandTest[2]	
Controller.Micro850.Micro850.CRC.CommandTest[3]	
Controller.Micro850.Micro850.CRC.CommandTest[4]	
Controller.Micro850.Micro850.CRC.CommandTest[5]	
Controller.Micro850.Micro850.CRC.CommandTest[6]	
Controller.Micro850.Micro850.CRC.count_instr	
Controller.Micro850.Micro850.CRC.count_instr2	
Controller.Micro850.Micro850.CRC.CRC_POLYNOMIAL	
Controller.Micro850.Micro850.CRC.Generate_CRC_1.i	
Controller.Micro850.Micro850.CRC.Generate_CRC_1.input[0]	
Controller.Micro850.Micro850.CRC.Generate_CRC_1.input[1]	
Controller.Micro850.Micro850.CRC.Generate_CRC_1.input[2]	
Controller.Micro850.Micro850.CRC.Generate_CRC_1.input[3]	
Controller.Micro850.Micro850.CRC.Generate_CRC_1.input[4]	
Controller.Micro850.Micro850.CRC.Generate_CRC_1.input[5]	
Controller.Micro850.Micro850.CRC.Generate_CRC_1.input[6]	
Controller.Micro850.Micro850.CRC.Generate_CRC_1.j	
Controller.Micro850.Micro850.CRC.Generate_CRC_1.mask	
Controller.Micro850.Micro850.CRC.Generate_CRC_1.msbit	
Controller.Micro850.Micro850.CRC.Generate_CRC_1.output	
Controller.Micro850.Micro850.CRC.Generate_CRC_1.R_TRIG_1.CLK	
Controller.Micro850.Micro850.CRC.Generate_CRC_1.R_TRIG_1.Q	
Controller.Micro850.Micro850.CRC.Generate_CRC_1.R_TRIG_1.Redge	
Controller.Micro850.Micro850.CRC.Generate_CRC_1.remainder	
Controller.Micro850.Micro850.CRC.Generate_CRC_1.start	
Controller.Micro850.Micro850.CRC.i	
Controller.Micro850.Micro850.CRC.inputDataLength	
Controller.Micro850.Micro850.CRC.j	
Controller.Micro850.Micro850.CRC.mask	
Controller.Micro850.Micro850.CRC.mask_or	
Controller.Micro850.Micro850.CRC.mask2	
Controller.Micro850.Micro850.CRC.msbit	
Controller.Micro850.Micro850.CRC.output	
Controller.Micro850.Micro850.CRC.remainder	
Controller.Micro850.Micro850.CRC.test_bool	
Controller.Micro850.Micro850.CRC.test_mask	
Controller.Micro850.Micro850.CRC.test_out	
Controller.Micro850.Micro850.CRC.test_run	
Controller.Micro850.Micro850.CRC.test_trig	
Controller.Micro850.Micro850.Prog1.ABL_1.ABLInput.Cancel	
Controller.Micro850.Micro850.Prog1.ABL_1.ABLInput.Channel	
Controller.Micro850.Micro850.Prog1.ABL_1.ABLInput.TriggerType	
Controller.Micro850.Micro850.Prog1.ABL_1.Characters	
Controller.Micro850.Micro850.Prog1.ABL_1.controlbit	
Controller.Micro850.Micro850.Prog1.ABL_1.Error	
Controller.Micro850.Micro850.Prog1.ABL_1.ErrorID	
Controller.Micro850.Micro850.Prog1.ABL_1.IN	
Controller.Micro850.Micro850.Prog1.ABL_1.Q	
Controller.Micro850.Micro850.Prog1.ACB_1.ACBInput.Cancel	
Controller.Micro850.Micro850.Prog1.ACB_1.ACBInput.Channel	
Controller.Micro850.Micro850.Prog1.ACB_1.ACBInput.TriggerType	
Controller.Micro850.Micro850.Prog1.ACB_1.Characters	
Controller.Micro850.Micro850.Prog1.ACB_1.controlbit	
Controller.Micro850.Micro850.Prog1.ACB_1.Error	
Controller.Micro850.Micro850.Prog1.ACB_1.ErrorID	
Controller.Micro850.Micro850.Prog1.ACB_1.IN	
Controller.Micro850.Micro850.Prog1.ACB_1.Q	
Controller.Micro850.Micro850.Prog1.ACL_1.ACLInput.Channel	
Controller.Micro850.Micro850.Prog1.ACL_1.ACLInput.RXBuffer	
Controller.Micro850.Micro850.Prog1.ACL_1.ACLInput.TXBuffer	
Controller.Micro850.Micro850.Prog1.ACL_1.Error	
Controller.Micro850.Micro850.Prog1.ACL_1.ErrorID	
Controller.Micro850.Micro850.Prog1.ACL_1.IN	
Controller.Micro850.Micro850.Prog1.ACL_1.prestatus	
Controller.Micro850.Micro850.Prog1.ACL_1.Q	
Controller.Micro850.Micro850.Prog1.ARD_1.ARDInput.Cancel	
Controller.Micro850.Micro850.Prog1.ARD_1.ARDInput.Channel	
Controller.Micro850.Micro850.Prog1.ARD_1.ARDInput.Length	
Controller.Micro850.Micro850.Prog1.ARD_1.controlbit	
Controller.Micro850.Micro850.Prog1.ARD_1.Destination[1]	
Controller.Micro850.Micro850.Prog1.ARD_1.Destination[10]	
Controller.Micro850.Micro850.Prog1.ARD_1.Destination[11]	
Controller.Micro850.Micro850.Prog1.ARD_1.Destination[12]	
Controller.Micro850.Micro850.Prog1.ARD_1.Destination[13]	
Controller.Micro850.Micro850.Prog1.ARD_1.Destination[14]	
Controller.Micro850.Micro850.Prog1.ARD_1.Destination[15]	
Controller.Micro850.Micro850.Prog1.ARD_1.Destination[16]	
Controller.Micro850.Micro850.Prog1.ARD_1.Destination[17]	
Controller.Micro850.Micro850.Prog1.ARD_1.Destination[18]	
Controller.Micro850.Micro850.Prog1.ARD_1.Destination[19]	
Controller.Micro850.Micro850.Prog1.ARD_1.Destination[2]	
Controller.Micro850.Micro850.Prog1.ARD_1.Destination[20]	
Controller.Micro850.Micro850.Prog1.ARD_1.Destination[21]	
Controller.Micro850.Micro850.Prog1.ARD_1.Destination[22]	
Controller.Micro850.Micro850.Prog1.ARD_1.Destination[23]	
Controller.Micro850.Micro850.Prog1.ARD_1.Destination[24]	
Controller.Micro850.Micro850.Prog1.ARD_1.Destination[25]	
Controller.Micro850.Micro850.Prog1.ARD_1.Destination[26]	
Controller.Micro850.Micro850.Prog1.ARD_1.Destination[27]	
Controller.Micro850.Micro850.Prog1.ARD_1.Destination[28]	
Controller.Micro850.Micro850.Prog1.ARD_1.Destination[29]	
Controller.Micro850.Micro850.Prog1.ARD_1.Destination[3]	
Controller.Micro850.Micro850.Prog1.ARD_1.Destination[30]	
Controller.Micro850.Micro850.Prog1.ARD_1.Destination[31]	
Controller.Micro850.Micro850.Prog1.ARD_1.Destination[32]	
Controller.Micro850.Micro850.Prog1.ARD_1.Destination[33]	
Controller.Micro850.Micro850.Prog1.ARD_1.Destination[34]	
Controller.Micro850.Micro850.Prog1.ARD_1.Destination[35]	
Controller.Micro850.Micro850.Prog1.ARD_1.Destination[36]	
Controller.Micro850.Micro850.Prog1.ARD_1.Destination[37]	
Controller.Micro850.Micro850.Prog1.ARD_1.Destination[38]	
Controller.Micro850.Micro850.Prog1.ARD_1.Destination[39]	
Controller.Micro850.Micro850.Prog1.ARD_1.Destination[4]	
Controller.Micro850.Micro850.Prog1.ARD_1.Destination[40]	
Controller.Micro850.Micro850.Prog1.ARD_1.Destination[41]	
Controller.Micro850.Micro850.Prog1.ARD_1.Destination[42]	
Controller.Micro850.Micro850.Prog1.ARD_1.Destination[43]	
Controller.Micro850.Micro850.Prog1.ARD_1.Destination[44]	
Controller.Micro850.Micro850.Prog1.ARD_1.Destination[45]	
Controller.Micro850.Micro850.Prog1.ARD_1.Destination[46]	
Controller.Micro850.Micro850.Prog1.ARD_1.Destination[47]	
Controller.Micro850.Micro850.Prog1.ARD_1.Destination[48]	
Controller.Micro850.Micro850.Prog1.ARD_1.Destination[49]	
Controller.Micro850.Micro850.Prog1.ARD_1.Destination[5]	
Controller.Micro850.Micro850.Prog1.ARD_1.Destination[50]	
Controller.Micro850.Micro850.Prog1.ARD_1.Destination[51]	
Controller.Micro850.Micro850.Prog1.ARD_1.Destination[52]	
Controller.Micro850.Micro850.Prog1.ARD_1.Destination[53]	
Controller.Micro850.Micro850.Prog1.ARD_1.Destination[54]	
Controller.Micro850.Micro850.Prog1.ARD_1.Destination[55]	
Controller.Micro850.Micro850.Prog1.ARD_1.Destination[56]	
Controller.Micro850.Micro850.Prog1.ARD_1.Destination[57]	
Controller.Micro850.Micro850.Prog1.ARD_1.Destination[58]	
Controller.Micro850.Micro850.Prog1.ARD_1.Destination[59]	
Controller.Micro850.Micro850.Prog1.ARD_1.Destination[6]	
Controller.Micro850.Micro850.Prog1.ARD_1.Destination[60]	
Controller.Micro850.Micro850.Prog1.ARD_1.Destination[61]	
Controller.Micro850.Micro850.Prog1.ARD_1.Destination[62]	
Controller.Micro850.Micro850.Prog1.ARD_1.Destination[63]	
Controller.Micro850.Micro850.Prog1.ARD_1.Destination[64]	
Controller.Micro850.Micro850.Prog1.ARD_1.Destination[65]	
Controller.Micro850.Micro850.Prog1.ARD_1.Destination[66]	
Controller.Micro850.Micro850.Prog1.ARD_1.Destination[67]	
Controller.Micro850.Micro850.Prog1.ARD_1.Destination[68]	
Controller.Micro850.Micro850.Prog1.ARD_1.Destination[69]	
Controller.Micro850.Micro850.Prog1.ARD_1.Destination[7]	
Controller.Micro850.Micro850.Prog1.ARD_1.Destination[70]	
Controller.Micro850.Micro850.Prog1.ARD_1.Destination[71]	
Controller.Micro850.Micro850.Prog1.ARD_1.Destination[72]	
Controller.Micro850.Micro850.Prog1.ARD_1.Destination[73]	
Controller.Micro850.Micro850.Prog1.ARD_1.Destination[74]	
Controller.Micro850.Micro850.Prog1.ARD_1.Destination[75]	
Controller.Micro850.Micro850.Prog1.ARD_1.Destination[76]	
Controller.Micro850.Micro850.Prog1.ARD_1.Destination[77]	
Controller.Micro850.Micro850.Prog1.ARD_1.Destination[78]	
Controller.Micro850.Micro850.Prog1.ARD_1.Destination[79]	
Controller.Micro850.Micro850.Prog1.ARD_1.Destination[8]	
Controller.Micro850.Micro850.Prog1.ARD_1.Destination[80]	
Controller.Micro850.Micro850.Prog1.ARD_1.Destination[81]	
Controller.Micro850.Micro850.Prog1.ARD_1.Destination[82]	
Controller.Micro850.Micro850.Prog1.ARD_1.Destination[9]	
Controller.Micro850.Micro850.Prog1.ARD_1.Error	
Controller.Micro850.Micro850.Prog1.ARD_1.ErrorID	
Controller.Micro850.Micro850.Prog1.ARD_1.IN	
Controller.Micro850.Micro850.Prog1.ARD_1.NumChar	
Controller.Micro850.Micro850.Prog1.ARD_1.Q	
Controller.Micro850.Micro850.Prog1.ARL_1.ARLInput.Cancel	
Controller.Micro850.Micro850.Prog1.ARL_1.ARLInput.Channel	
Controller.Micro850.Micro850.Prog1.ARL_1.ARLInput.Length	
Controller.Micro850.Micro850.Prog1.ARL_1.controlbit	
Controller.Micro850.Micro850.Prog1.ARL_1.Destination[1]	
Controller.Micro850.Micro850.Prog1.ARL_1.Destination[10]	
Controller.Micro850.Micro850.Prog1.ARL_1.Destination[11]	
Controller.Micro850.Micro850.Prog1.ARL_1.Destination[12]	
Controller.Micro850.Micro850.Prog1.ARL_1.Destination[13]	
Controller.Micro850.Micro850.Prog1.ARL_1.Destination[14]	
Controller.Micro850.Micro850.Prog1.ARL_1.Destination[15]	
Controller.Micro850.Micro850.Prog1.ARL_1.Destination[16]	
Controller.Micro850.Micro850.Prog1.ARL_1.Destination[17]	
Controller.Micro850.Micro850.Prog1.ARL_1.Destination[18]	
Controller.Micro850.Micro850.Prog1.ARL_1.Destination[19]	
Controller.Micro850.Micro850.Prog1.ARL_1.Destination[2]	
Controller.Micro850.Micro850.Prog1.ARL_1.Destination[20]	
Controller.Micro850.Micro850.Prog1.ARL_1.Destination[21]	
Controller.Micro850.Micro850.Prog1.ARL_1.Destination[22]	
Controller.Micro850.Micro850.Prog1.ARL_1.Destination[23]	
Controller.Micro850.Micro850.Prog1.ARL_1.Destination[24]	
Controller.Micro850.Micro850.Prog1.ARL_1.Destination[25]	
Controller.Micro850.Micro850.Prog1.ARL_1.Destination[26]	
Controller.Micro850.Micro850.Prog1.ARL_1.Destination[27]	
Controller.Micro850.Micro850.Prog1.ARL_1.Destination[28]	
Controller.Micro850.Micro850.Prog1.ARL_1.Destination[29]	
Controller.Micro850.Micro850.Prog1.ARL_1.Destination[3]	
Controller.Micro850.Micro850.Prog1.ARL_1.Destination[30]	
Controller.Micro850.Micro850.Prog1.ARL_1.Destination[31]	
Controller.Micro850.Micro850.Prog1.ARL_1.Destination[32]	
Controller.Micro850.Micro850.Prog1.ARL_1.Destination[33]	
Controller.Micro850.Micro850.Prog1.ARL_1.Destination[34]	
Controller.Micro850.Micro850.Prog1.ARL_1.Destination[35]	
Controller.Micro850.Micro850.Prog1.ARL_1.Destination[36]	
Controller.Micro850.Micro850.Prog1.ARL_1.Destination[37]	
Controller.Micro850.Micro850.Prog1.ARL_1.Destination[38]	
Controller.Micro850.Micro850.Prog1.ARL_1.Destination[39]	
Controller.Micro850.Micro850.Prog1.ARL_1.Destination[4]	
Controller.Micro850.Micro850.Prog1.ARL_1.Destination[40]	
Controller.Micro850.Micro850.Prog1.ARL_1.Destination[41]	
Controller.Micro850.Micro850.Prog1.ARL_1.Destination[42]	
Controller.Micro850.Micro850.Prog1.ARL_1.Destination[43]	
Controller.Micro850.Micro850.Prog1.ARL_1.Destination[44]	
Controller.Micro850.Micro850.Prog1.ARL_1.Destination[45]	
Controller.Micro850.Micro850.Prog1.ARL_1.Destination[46]	
Controller.Micro850.Micro850.Prog1.ARL_1.Destination[47]	
Controller.Micro850.Micro850.Prog1.ARL_1.Destination[48]	
Controller.Micro850.Micro850.Prog1.ARL_1.Destination[49]	
Controller.Micro850.Micro850.Prog1.ARL_1.Destination[5]	
Controller.Micro850.Micro850.Prog1.ARL_1.Destination[50]	
Controller.Micro850.Micro850.Prog1.ARL_1.Destination[51]	
Controller.Micro850.Micro850.Prog1.ARL_1.Destination[52]	
Controller.Micro850.Micro850.Prog1.ARL_1.Destination[53]	
Controller.Micro850.Micro850.Prog1.ARL_1.Destination[54]	
Controller.Micro850.Micro850.Prog1.ARL_1.Destination[55]	
Controller.Micro850.Micro850.Prog1.ARL_1.Destination[56]	
Controller.Micro850.Micro850.Prog1.ARL_1.Destination[57]	
Controller.Micro850.Micro850.Prog1.ARL_1.Destination[58]	
Controller.Micro850.Micro850.Prog1.ARL_1.Destination[59]	
Controller.Micro850.Micro850.Prog1.ARL_1.Destination[6]	
Controller.Micro850.Micro850.Prog1.ARL_1.Destination[60]	
Controller.Micro850.Micro850.Prog1.ARL_1.Destination[61]	
Controller.Micro850.Micro850.Prog1.ARL_1.Destination[62]	
Controller.Micro850.Micro850.Prog1.ARL_1.Destination[63]	
Controller.Micro850.Micro850.Prog1.ARL_1.Destination[64]	
Controller.Micro850.Micro850.Prog1.ARL_1.Destination[65]	
Controller.Micro850.Micro850.Prog1.ARL_1.Destination[66]	
Controller.Micro850.Micro850.Prog1.ARL_1.Destination[67]	
Controller.Micro850.Micro850.Prog1.ARL_1.Destination[68]	
Controller.Micro850.Micro850.Prog1.ARL_1.Destination[69]	
Controller.Micro850.Micro850.Prog1.ARL_1.Destination[7]	
Controller.Micro850.Micro850.Prog1.ARL_1.Destination[70]	
Controller.Micro850.Micro850.Prog1.ARL_1.Destination[71]	
Controller.Micro850.Micro850.Prog1.ARL_1.Destination[72]	
Controller.Micro850.Micro850.Prog1.ARL_1.Destination[73]	
Controller.Micro850.Micro850.Prog1.ARL_1.Destination[74]	
Controller.Micro850.Micro850.Prog1.ARL_1.Destination[75]	
Controller.Micro850.Micro850.Prog1.ARL_1.Destination[76]	
Controller.Micro850.Micro850.Prog1.ARL_1.Destination[77]	
Controller.Micro850.Micro850.Prog1.ARL_1.Destination[78]	
Controller.Micro850.Micro850.Prog1.ARL_1.Destination[79]	
Controller.Micro850.Micro850.Prog1.ARL_1.Destination[8]	
Controller.Micro850.Micro850.Prog1.ARL_1.Destination[80]	
Controller.Micro850.Micro850.Prog1.ARL_1.Destination[81]	
Controller.Micro850.Micro850.Prog1.ARL_1.Destination[82]	
Controller.Micro850.Micro850.Prog1.ARL_1.Destination[9]	
Controller.Micro850.Micro850.Prog1.ARL_1.Error	
Controller.Micro850.Micro850.Prog1.ARL_1.ErrorID	
Controller.Micro850.Micro850.Prog1.ARL_1.IN	
Controller.Micro850.Micro850.Prog1.ARL_1.NumChar	
Controller.Micro850.Micro850.Prog1.ARL_1.Q	
Controller.Micro850.Micro850.Prog1.AWT_1.__ADI_Source	
Controller.Micro850.Micro850.Prog1.AWT_1.AWTInput.Cancel	
Controller.Micro850.Micro850.Prog1.AWT_1.AWTInput.Channel	
Controller.Micro850.Micro850.Prog1.AWT_1.AWTInput.Length	
Controller.Micro850.Micro850.Prog1.AWT_1.controlbit	
Controller.Micro850.Micro850.Prog1.AWT_1.Error	
Controller.Micro850.Micro850.Prog1.AWT_1.ErrorID	
Controller.Micro850.Micro850.Prog1.AWT_1.IN	
Controller.Micro850.Micro850.Prog1.AWT_1.NumChar	
Controller.Micro850.Micro850.Prog1.AWT_1.Q	
Controller.Micro850.Micro850.Prog1.AWT_1.Source[1]	
Controller.Micro850.Micro850.Prog1.AWT_1.Source[10]	
Controller.Micro850.Micro850.Prog1.AWT_1.Source[11]	
Controller.Micro850.Micro850.Prog1.AWT_1.Source[12]	
Controller.Micro850.Micro850.Prog1.AWT_1.Source[13]	
Controller.Micro850.Micro850.Prog1.AWT_1.Source[14]	
Controller.Micro850.Micro850.Prog1.AWT_1.Source[15]	
Controller.Micro850.Micro850.Prog1.AWT_1.Source[16]	
Controller.Micro850.Micro850.Prog1.AWT_1.Source[17]	
Controller.Micro850.Micro850.Prog1.AWT_1.Source[18]	
Controller.Micro850.Micro850.Prog1.AWT_1.Source[19]	
Controller.Micro850.Micro850.Prog1.AWT_1.Source[2]	
Controller.Micro850.Micro850.Prog1.AWT_1.Source[20]	
Controller.Micro850.Micro850.Prog1.AWT_1.Source[21]	
Controller.Micro850.Micro850.Prog1.AWT_1.Source[22]	
Controller.Micro850.Micro850.Prog1.AWT_1.Source[23]	
Controller.Micro850.Micro850.Prog1.AWT_1.Source[24]	
Controller.Micro850.Micro850.Prog1.AWT_1.Source[25]	
Controller.Micro850.Micro850.Prog1.AWT_1.Source[26]	
Controller.Micro850.Micro850.Prog1.AWT_1.Source[27]	
Controller.Micro850.Micro850.Prog1.AWT_1.Source[28]	
Controller.Micro850.Micro850.Prog1.AWT_1.Source[29]	
Controller.Micro850.Micro850.Prog1.AWT_1.Source[3]	
Controller.Micro850.Micro850.Prog1.AWT_1.Source[30]	
Controller.Micro850.Micro850.Prog1.AWT_1.Source[31]	
Controller.Micro850.Micro850.Prog1.AWT_1.Source[32]	
Controller.Micro850.Micro850.Prog1.AWT_1.Source[33]	
Controller.Micro850.Micro850.Prog1.AWT_1.Source[34]	
Controller.Micro850.Micro850.Prog1.AWT_1.Source[35]	
Controller.Micro850.Micro850.Prog1.AWT_1.Source[36]	
Controller.Micro850.Micro850.Prog1.AWT_1.Source[37]	
Controller.Micro850.Micro850.Prog1.AWT_1.Source[38]	
Controller.Micro850.Micro850.Prog1.AWT_1.Source[39]	
Controller.Micro850.Micro850.Prog1.AWT_1.Source[4]	
Controller.Micro850.Micro850.Prog1.AWT_1.Source[40]	
Controller.Micro850.Micro850.Prog1.AWT_1.Source[41]	
Controller.Micro850.Micro850.Prog1.AWT_1.Source[42]	
Controller.Micro850.Micro850.Prog1.AWT_1.Source[43]	
Controller.Micro850.Micro850.Prog1.AWT_1.Source[44]	
Controller.Micro850.Micro850.Prog1.AWT_1.Source[45]	
Controller.Micro850.Micro850.Prog1.AWT_1.Source[46]	
Controller.Micro850.Micro850.Prog1.AWT_1.Source[47]	
Controller.Micro850.Micro850.Prog1.AWT_1.Source[48]	
Controller.Micro850.Micro850.Prog1.AWT_1.Source[49]	
Controller.Micro850.Micro850.Prog1.AWT_1.Source[5]	
Controller.Micro850.Micro850.Prog1.AWT_1.Source[50]	
Controller.Micro850.Micro850.Prog1.AWT_1.Source[51]	
Controller.Micro850.Micro850.Prog1.AWT_1.Source[52]	
Controller.Micro850.Micro850.Prog1.AWT_1.Source[53]	
Controller.Micro850.Micro850.Prog1.AWT_1.Source[54]	
Controller.Micro850.Micro850.Prog1.AWT_1.Source[55]	
Controller.Micro850.Micro850.Prog1.AWT_1.Source[56]	
Controller.Micro850.Micro850.Prog1.AWT_1.Source[57]	
Controller.Micro850.Micro850.Prog1.AWT_1.Source[58]	
Controller.Micro850.Micro850.Prog1.AWT_1.Source[59]	
Controller.Micro850.Micro850.Prog1.AWT_1.Source[6]	
Controller.Micro850.Micro850.Prog1.AWT_1.Source[60]	
Controller.Micro850.Micro850.Prog1.AWT_1.Source[61]	
Controller.Micro850.Micro850.Prog1.AWT_1.Source[62]	
Controller.Micro850.Micro850.Prog1.AWT_1.Source[63]	
Controller.Micro850.Micro850.Prog1.AWT_1.Source[64]	
Controller.Micro850.Micro850.Prog1.AWT_1.Source[65]	
Controller.Micro850.Micro850.Prog1.AWT_1.Source[66]	
Controller.Micro850.Micro850.Prog1.AWT_1.Source[67]	
Controller.Micro850.Micro850.Prog1.AWT_1.Source[68]	
Controller.Micro850.Micro850.Prog1.AWT_1.Source[69]	
Controller.Micro850.Micro850.Prog1.AWT_1.Source[7]	
Controller.Micro850.Micro850.Prog1.AWT_1.Source[70]	
Controller.Micro850.Micro850.Prog1.AWT_1.Source[71]	
Controller.Micro850.Micro850.Prog1.AWT_1.Source[72]	
Controller.Micro850.Micro850.Prog1.AWT_1.Source[73]	
Controller.Micro850.Micro850.Prog1.AWT_1.Source[74]	
Controller.Micro850.Micro850.Prog1.AWT_1.Source[75]	
Controller.Micro850.Micro850.Prog1.AWT_1.Source[76]	
Controller.Micro850.Micro850.Prog1.AWT_1.Source[77]	
Controller.Micro850.Micro850.Prog1.AWT_1.Source[78]	
Controller.Micro850.Micro850.Prog1.AWT_1.Source[79]	
Controller.Micro850.Micro850.Prog1.AWT_1.Source[8]	
Controller.Micro850.Micro850.Prog1.AWT_1.Source[80]	
Controller.Micro850.Micro850.Prog1.AWT_1.Source[81]	
Controller.Micro850.Micro850.Prog1.AWT_1.Source[82]	
Controller.Micro850.Micro850.Prog1.AWT_1.Source[9]	
Controller.Micro850.Micro850.Prog1.buffer_input[0]	
Controller.Micro850.Micro850.Prog1.buffer_input[1]	
Controller.Micro850.Micro850.Prog1.buffer_input[2]	
Controller.Micro850.Micro850.Prog1.buffer_input[3]	
Controller.Micro850.Micro850.Prog1.buffer_input[4]	
Controller.Micro850.Micro850.Prog1.buffer_input[5]	
Controller.Micro850.Micro850.Prog1.buffer_input[6]	
Controller.Micro850.Micro850.Prog1.bytelower	
Controller.Micro850.Micro850.Prog1.byteupper	
Controller.Micro850.Micro850.Prog1.clear_buffer	
Controller.Micro850.Micro850.Prog1.CommandTest[1]	
Controller.Micro850.Micro850.Prog1.CommandTest[10]	
Controller.Micro850.Micro850.Prog1.CommandTest[11]	
Controller.Micro850.Micro850.Prog1.CommandTest[12]	
Controller.Micro850.Micro850.Prog1.CommandTest[13]	
Controller.Micro850.Micro850.Prog1.CommandTest[14]	
Controller.Micro850.Micro850.Prog1.CommandTest[15]	
Controller.Micro850.Micro850.Prog1.CommandTest[16]	
Controller.Micro850.Micro850.Prog1.CommandTest[17]	
Controller.Micro850.Micro850.Prog1.CommandTest[18]	
Controller.Micro850.Micro850.Prog1.CommandTest[19]	
Controller.Micro850.Micro850.Prog1.CommandTest[2]	
Controller.Micro850.Micro850.Prog1.CommandTest[20]	
Controller.Micro850.Micro850.Prog1.CommandTest[21]	
Controller.Micro850.Micro850.Prog1.CommandTest[22]	
Controller.Micro850.Micro850.Prog1.CommandTest[23]	
Controller.Micro850.Micro850.Prog1.CommandTest[24]	
Controller.Micro850.Micro850.Prog1.CommandTest[25]	
Controller.Micro850.Micro850.Prog1.CommandTest[26]	
Controller.Micro850.Micro850.Prog1.CommandTest[27]	
Controller.Micro850.Micro850.Prog1.CommandTest[28]	
Controller.Micro850.Micro850.Prog1.CommandTest[29]	
Controller.Micro850.Micro850.Prog1.CommandTest[3]	
Controller.Micro850.Micro850.Prog1.CommandTest[30]	
Controller.Micro850.Micro850.Prog1.CommandTest[31]	
Controller.Micro850.Micro850.Prog1.CommandTest[32]	
Controller.Micro850.Micro850.Prog1.CommandTest[33]	
Controller.Micro850.Micro850.Prog1.CommandTest[34]	
Controller.Micro850.Micro850.Prog1.CommandTest[35]	
Controller.Micro850.Micro850.Prog1.CommandTest[36]	
Controller.Micro850.Micro850.Prog1.CommandTest[37]	
Controller.Micro850.Micro850.Prog1.CommandTest[38]	
Controller.Micro850.Micro850.Prog1.CommandTest[39]	
Controller.Micro850.Micro850.Prog1.CommandTest[4]	
Controller.Micro850.Micro850.Prog1.CommandTest[40]	
Controller.Micro850.Micro850.Prog1.CommandTest[41]	
Controller.Micro850.Micro850.Prog1.CommandTest[42]	
Controller.Micro850.Micro850.Prog1.CommandTest[43]	
Controller.Micro850.Micro850.Prog1.CommandTest[44]	
Controller.Micro850.Micro850.Prog1.CommandTest[45]	
Controller.Micro850.Micro850.Prog1.CommandTest[46]	
Controller.Micro850.Micro850.Prog1.CommandTest[47]	
Controller.Micro850.Micro850.Prog1.CommandTest[48]	
Controller.Micro850.Micro850.Prog1.CommandTest[49]	
Controller.Micro850.Micro850.Prog1.CommandTest[5]	
Controller.Micro850.Micro850.Prog1.CommandTest[50]	
Controller.Micro850.Micro850.Prog1.CommandTest[51]	
Controller.Micro850.Micro850.Prog1.CommandTest[52]	
Controller.Micro850.Micro850.Prog1.CommandTest[53]	
Controller.Micro850.Micro850.Prog1.CommandTest[54]	
Controller.Micro850.Micro850.Prog1.CommandTest[55]	
Controller.Micro850.Micro850.Prog1.CommandTest[56]	
Controller.Micro850.Micro850.Prog1.CommandTest[57]	
Controller.Micro850.Micro850.Prog1.CommandTest[58]	
Controller.Micro850.Micro850.Prog1.CommandTest[59]	
Controller.Micro850.Micro850.Prog1.CommandTest[6]	
Controller.Micro850.Micro850.Prog1.CommandTest[60]	
Controller.Micro850.Micro850.Prog1.CommandTest[61]	
Controller.Micro850.Micro850.Prog1.CommandTest[62]	
Controller.Micro850.Micro850.Prog1.CommandTest[63]	
Controller.Micro850.Micro850.Prog1.CommandTest[64]	
Controller.Micro850.Micro850.Prog1.CommandTest[65]	
Controller.Micro850.Micro850.Prog1.CommandTest[66]	
Controller.Micro850.Micro850.Prog1.CommandTest[67]	
Controller.Micro850.Micro850.Prog1.CommandTest[68]	
Controller.Micro850.Micro850.Prog1.CommandTest[69]	
Controller.Micro850.Micro850.Prog1.CommandTest[7]	
Controller.Micro850.Micro850.Prog1.CommandTest[70]	
Controller.Micro850.Micro850.Prog1.CommandTest[71]	
Controller.Micro850.Micro850.Prog1.CommandTest[72]	
Controller.Micro850.Micro850.Prog1.CommandTest[73]	
Controller.Micro850.Micro850.Prog1.CommandTest[74]	
Controller.Micro850.Micro850.Prog1.CommandTest[75]	
Controller.Micro850.Micro850.Prog1.CommandTest[76]	
Controller.Micro850.Micro850.Prog1.CommandTest[77]	
Controller.Micro850.Micro850.Prog1.CommandTest[78]	
Controller.Micro850.Micro850.Prog1.CommandTest[79]	
Controller.Micro850.Micro850.Prog1.CommandTest[8]	
Controller.Micro850.Micro850.Prog1.CommandTest[80]	
Controller.Micro850.Micro850.Prog1.CommandTest[81]	
Controller.Micro850.Micro850.Prog1.CommandTest[82]	
Controller.Micro850.Micro850.Prog1.CommandTest[9]	
Controller.Micro850.Micro850.Prog1.COP_Special_1.i	
Controller.Micro850.Micro850.Prog1.COP_Special_1.input[1]	
Controller.Micro850.Micro850.Prog1.COP_Special_1.input[10]	
Controller.Micro850.Micro850.Prog1.COP_Special_1.input[11]	
Controller.Micro850.Micro850.Prog1.COP_Special_1.input[12]	
Controller.Micro850.Micro850.Prog1.COP_Special_1.input[13]	
Controller.Micro850.Micro850.Prog1.COP_Special_1.input[14]	
Controller.Micro850.Micro850.Prog1.COP_Special_1.input[15]	
Controller.Micro850.Micro850.Prog1.COP_Special_1.input[16]	
Controller.Micro850.Micro850.Prog1.COP_Special_1.input[17]	
Controller.Micro850.Micro850.Prog1.COP_Special_1.input[18]	
Controller.Micro850.Micro850.Prog1.COP_Special_1.input[19]	
Controller.Micro850.Micro850.Prog1.COP_Special_1.input[2]	
Controller.Micro850.Micro850.Prog1.COP_Special_1.input[20]	
Controller.Micro850.Micro850.Prog1.COP_Special_1.input[21]	
Controller.Micro850.Micro850.Prog1.COP_Special_1.input[22]	
Controller.Micro850.Micro850.Prog1.COP_Special_1.input[23]	
Controller.Micro850.Micro850.Prog1.COP_Special_1.input[24]	
Controller.Micro850.Micro850.Prog1.COP_Special_1.input[25]	
Controller.Micro850.Micro850.Prog1.COP_Special_1.input[26]	
Controller.Micro850.Micro850.Prog1.COP_Special_1.input[27]	
Controller.Micro850.Micro850.Prog1.COP_Special_1.input[28]	
Controller.Micro850.Micro850.Prog1.COP_Special_1.input[29]	
Controller.Micro850.Micro850.Prog1.COP_Special_1.input[3]	
Controller.Micro850.Micro850.Prog1.COP_Special_1.input[30]	
Controller.Micro850.Micro850.Prog1.COP_Special_1.input[31]	
Controller.Micro850.Micro850.Prog1.COP_Special_1.input[32]	
Controller.Micro850.Micro850.Prog1.COP_Special_1.input[33]	
Controller.Micro850.Micro850.Prog1.COP_Special_1.input[34]	
Controller.Micro850.Micro850.Prog1.COP_Special_1.input[35]	
Controller.Micro850.Micro850.Prog1.COP_Special_1.input[36]	
Controller.Micro850.Micro850.Prog1.COP_Special_1.input[37]	
Controller.Micro850.Micro850.Prog1.COP_Special_1.input[38]	
Controller.Micro850.Micro850.Prog1.COP_Special_1.input[39]	
Controller.Micro850.Micro850.Prog1.COP_Special_1.input[4]	
Controller.Micro850.Micro850.Prog1.COP_Special_1.input[40]	
Controller.Micro850.Micro850.Prog1.COP_Special_1.input[41]	
Controller.Micro850.Micro850.Prog1.COP_Special_1.input[42]	
Controller.Micro850.Micro850.Prog1.COP_Special_1.input[43]	
Controller.Micro850.Micro850.Prog1.COP_Special_1.input[44]	
Controller.Micro850.Micro850.Prog1.COP_Special_1.input[45]	
Controller.Micro850.Micro850.Prog1.COP_Special_1.input[46]	
Controller.Micro850.Micro850.Prog1.COP_Special_1.input[47]	
Controller.Micro850.Micro850.Prog1.COP_Special_1.input[48]	
Controller.Micro850.Micro850.Prog1.COP_Special_1.input[49]	
Controller.Micro850.Micro850.Prog1.COP_Special_1.input[5]	
Controller.Micro850.Micro850.Prog1.COP_Special_1.input[50]	
Controller.Micro850.Micro850.Prog1.COP_Special_1.input[51]	
Controller.Micro850.Micro850.Prog1.COP_Special_1.input[52]	
Controller.Micro850.Micro850.Prog1.COP_Special_1.input[53]	
Controller.Micro850.Micro850.Prog1.COP_Special_1.input[54]	
Controller.Micro850.Micro850.Prog1.COP_Special_1.input[55]	
Controller.Micro850.Micro850.Prog1.COP_Special_1.input[56]	
Controller.Micro850.Micro850.Prog1.COP_Special_1.input[57]	
Controller.Micro850.Micro850.Prog1.COP_Special_1.input[58]	
Controller.Micro850.Micro850.Prog1.COP_Special_1.input[59]	
Controller.Micro850.Micro850.Prog1.COP_Special_1.input[6]	
Controller.Micro850.Micro850.Prog1.COP_Special_1.input[60]	
Controller.Micro850.Micro850.Prog1.COP_Special_1.input[61]	
Controller.Micro850.Micro850.Prog1.COP_Special_1.input[62]	
Controller.Micro850.Micro850.Prog1.COP_Special_1.input[63]	
Controller.Micro850.Micro850.Prog1.COP_Special_1.input[64]	
Controller.Micro850.Micro850.Prog1.COP_Special_1.input[65]	
Controller.Micro850.Micro850.Prog1.COP_Special_1.input[66]	
Controller.Micro850.Micro850.Prog1.COP_Special_1.input[67]	
Controller.Micro850.Micro850.Prog1.COP_Special_1.input[68]	
Controller.Micro850.Micro850.Prog1.COP_Special_1.input[69]	
Controller.Micro850.Micro850.Prog1.COP_Special_1.input[7]	
Controller.Micro850.Micro850.Prog1.COP_Special_1.input[70]	
Controller.Micro850.Micro850.Prog1.COP_Special_1.input[71]	
Controller.Micro850.Micro850.Prog1.COP_Special_1.input[72]	
Controller.Micro850.Micro850.Prog1.COP_Special_1.input[73]	
Controller.Micro850.Micro850.Prog1.COP_Special_1.input[74]	
Controller.Micro850.Micro850.Prog1.COP_Special_1.input[75]	
Controller.Micro850.Micro850.Prog1.COP_Special_1.input[76]	
Controller.Micro850.Micro850.Prog1.COP_Special_1.input[77]	
Controller.Micro850.Micro850.Prog1.COP_Special_1.input[78]	
Controller.Micro850.Micro850.Prog1.COP_Special_1.input[79]	
Controller.Micro850.Micro850.Prog1.COP_Special_1.input[8]	
Controller.Micro850.Micro850.Prog1.COP_Special_1.input[80]	
Controller.Micro850.Micro850.Prog1.COP_Special_1.input[81]	
Controller.Micro850.Micro850.Prog1.COP_Special_1.input[82]	
Controller.Micro850.Micro850.Prog1.COP_Special_1.input[9]	
Controller.Micro850.Micro850.Prog1.COP_Special_1.output[0]	
Controller.Micro850.Micro850.Prog1.COP_Special_1.output[1]	
Controller.Micro850.Micro850.Prog1.COP_Special_1.output[2]	
Controller.Micro850.Micro850.Prog1.COP_Special_1.output[3]	
Controller.Micro850.Micro850.Prog1.COP_Special_1.output[4]	
Controller.Micro850.Micro850.Prog1.COP_Special_1.output[5]	
Controller.Micro850.Micro850.Prog1.COP_Special_1.output[6]	
Controller.Micro850.Micro850.Prog1.COP_Special_1.Start	
Controller.Micro850.Micro850.Prog1.des[1]	
Controller.Micro850.Micro850.Prog1.des[10]	
Controller.Micro850.Micro850.Prog1.des[11]	
Controller.Micro850.Micro850.Prog1.des[12]	
Controller.Micro850.Micro850.Prog1.des[13]	
Controller.Micro850.Micro850.Prog1.des[14]	
Controller.Micro850.Micro850.Prog1.des[15]	
Controller.Micro850.Micro850.Prog1.des[16]	
Controller.Micro850.Micro850.Prog1.des[17]	
Controller.Micro850.Micro850.Prog1.des[18]	
Controller.Micro850.Micro850.Prog1.des[19]	
Controller.Micro850.Micro850.Prog1.des[2]	
Controller.Micro850.Micro850.Prog1.des[20]	
Controller.Micro850.Micro850.Prog1.des[21]	
Controller.Micro850.Micro850.Prog1.des[22]	
Controller.Micro850.Micro850.Prog1.des[23]	
Controller.Micro850.Micro850.Prog1.des[24]	
Controller.Micro850.Micro850.Prog1.des[25]	
Controller.Micro850.Micro850.Prog1.des[26]	
Controller.Micro850.Micro850.Prog1.des[27]	
Controller.Micro850.Micro850.Prog1.des[28]	
Controller.Micro850.Micro850.Prog1.des[29]	
Controller.Micro850.Micro850.Prog1.des[3]	
Controller.Micro850.Micro850.Prog1.des[30]	
Controller.Micro850.Micro850.Prog1.des[31]	
Controller.Micro850.Micro850.Prog1.des[32]	
Controller.Micro850.Micro850.Prog1.des[33]	
Controller.Micro850.Micro850.Prog1.des[34]	
Controller.Micro850.Micro850.Prog1.des[35]	
Controller.Micro850.Micro850.Prog1.des[36]	
Controller.Micro850.Micro850.Prog1.des[37]	
Controller.Micro850.Micro850.Prog1.des[38]	
Controller.Micro850.Micro850.Prog1.des[39]	
Controller.Micro850.Micro850.Prog1.des[4]	
Controller.Micro850.Micro850.Prog1.des[40]	
Controller.Micro850.Micro850.Prog1.des[41]	
Controller.Micro850.Micro850.Prog1.des[42]	
Controller.Micro850.Micro850.Prog1.des[43]	
Controller.Micro850.Micro850.Prog1.des[44]	
Controller.Micro850.Micro850.Prog1.des[45]	
Controller.Micro850.Micro850.Prog1.des[46]	
Controller.Micro850.Micro850.Prog1.des[47]	
Controller.Micro850.Micro850.Prog1.des[48]	
Controller.Micro850.Micro850.Prog1.des[49]	
Controller.Micro850.Micro850.Prog1.des[5]	
Controller.Micro850.Micro850.Prog1.des[50]	
Controller.Micro850.Micro850.Prog1.des[51]	
Controller.Micro850.Micro850.Prog1.des[52]	
Controller.Micro850.Micro850.Prog1.des[53]	
Controller.Micro850.Micro850.Prog1.des[54]	
Controller.Micro850.Micro850.Prog1.des[55]	
Controller.Micro850.Micro850.Prog1.des[56]	
Controller.Micro850.Micro850.Prog1.des[57]	
Controller.Micro850.Micro850.Prog1.des[58]	
Controller.Micro850.Micro850.Prog1.des[59]	
Controller.Micro850.Micro850.Prog1.des[6]	
Controller.Micro850.Micro850.Prog1.des[60]	
Controller.Micro850.Micro850.Prog1.des[61]	
Controller.Micro850.Micro850.Prog1.des[62]	
Controller.Micro850.Micro850.Prog1.des[63]	
Controller.Micro850.Micro850.Prog1.des[64]	
Controller.Micro850.Micro850.Prog1.des[65]	
Controller.Micro850.Micro850.Prog1.des[66]	
Controller.Micro850.Micro850.Prog1.des[67]	
Controller.Micro850.Micro850.Prog1.des[68]	
Controller.Micro850.Micro850.Prog1.des[69]	
Controller.Micro850.Micro850.Prog1.des[7]	
Controller.Micro850.Micro850.Prog1.des[70]	
Controller.Micro850.Micro850.Prog1.des[71]	
Controller.Micro850.Micro850.Prog1.des[72]	
Controller.Micro850.Micro850.Prog1.des[73]	
Controller.Micro850.Micro850.Prog1.des[74]	
Controller.Micro850.Micro850.Prog1.des[75]	
Controller.Micro850.Micro850.Prog1.des[76]	
Controller.Micro850.Micro850.Prog1.des[77]	
Controller.Micro850.Micro850.Prog1.des[78]	
Controller.Micro850.Micro850.Prog1.des[79]	
Controller.Micro850.Micro850.Prog1.des[8]	
Controller.Micro850.Micro850.Prog1.des[80]	
Controller.Micro850.Micro850.Prog1.des[81]	
Controller.Micro850.Micro850.Prog1.des[82]	
Controller.Micro850.Micro850.Prog1.des[9]	
Controller.Micro850.Micro850.Prog1.error	
Controller.Micro850.Micro850.Prog1.error2	
Controller.Micro850.Micro850.Prog1.errorid2	
Controller.Micro850.Micro850.Prog1.Generate_Bytes_1.input	
Controller.Micro850.Micro850.Prog1.Generate_Bytes_1.lower_byte	
Controller.Micro850.Micro850.Prog1.Generate_Bytes_1.Start	
Controller.Micro850.Micro850.Prog1.Generate_Bytes_1.upper_byte	
Controller.Micro850.Micro850.Prog1.Generate_CRC_1.i	
Controller.Micro850.Micro850.Prog1.Generate_CRC_1.input[0]	
Controller.Micro850.Micro850.Prog1.Generate_CRC_1.input[1]	
Controller.Micro850.Micro850.Prog1.Generate_CRC_1.input[2]	
Controller.Micro850.Micro850.Prog1.Generate_CRC_1.input[3]	
Controller.Micro850.Micro850.Prog1.Generate_CRC_1.input[4]	
Controller.Micro850.Micro850.Prog1.Generate_CRC_1.input[5]	
Controller.Micro850.Micro850.Prog1.Generate_CRC_1.input[6]	
Controller.Micro850.Micro850.Prog1.Generate_CRC_1.j	
Controller.Micro850.Micro850.Prog1.Generate_CRC_1.mask	
Controller.Micro850.Micro850.Prog1.Generate_CRC_1.msbit	
Controller.Micro850.Micro850.Prog1.Generate_CRC_1.output	
Controller.Micro850.Micro850.Prog1.Generate_CRC_1.R_TRIG_1.CLK	
Controller.Micro850.Micro850.Prog1.Generate_CRC_1.R_TRIG_1.Q	
Controller.Micro850.Micro850.Prog1.Generate_CRC_1.R_TRIG_1.Redge	
Controller.Micro850.Micro850.Prog1.Generate_CRC_1.remainder	
Controller.Micro850.Micro850.Prog1.Generate_CRC_1.start	
Controller.Micro850.Micro850.Prog1.id	
Controller.Micro850.Micro850.Prog1.in	
Controller.Micro850.Micro850.Prog1.in_abl	
Controller.Micro850.Micro850.Prog1.in_acb	
Controller.Micro850.Micro850.Prog1.input.Cancel	
Controller.Micro850.Micro850.Prog1.input.Channel	
Controller.Micro850.Micro850.Prog1.input.Length	
Controller.Micro850.Micro850.Prog1.input_abl.Cancel	
Controller.Micro850.Micro850.Prog1.input_abl.Channel	
Controller.Micro850.Micro850.Prog1.input_abl.TriggerType	
Controller.Micro850.Micro850.Prog1.input_acb.Cancel	
Controller.Micro850.Micro850.Prog1.input_acb.Channel	
Controller.Micro850.Micro850.Prog1.input_acb.TriggerType	
Controller.Micro850.Micro850.Prog1.input_acl.Channel	
Controller.Micro850.Micro850.Prog1.input_acl.RXBuffer	
Controller.Micro850.Micro850.Prog1.input_acl.TXBuffer	
Controller.Micro850.Micro850.Prog1.input_arl.Cancel	
Controller.Micro850.Micro850.Prog1.input_arl.Channel	
Controller.Micro850.Micro850.Prog1.input_arl.Length	
Controller.Micro850.Micro850.Prog1.mask	
Controller.Micro850.Micro850.Prog1.motorA_BW	
Controller.Micro850.Micro850.Prog1.motorA_Count	
Controller.Micro850.Micro850.Prog1.motorA_FW	
Controller.Micro850.Micro850.Prog1.motorA_move	
Controller.Micro850.Micro850.Prog1.motorA_move_lower	
Controller.Micro850.Micro850.Prog1.motorA_move_upper	
Controller.Micro850.Micro850.Prog1.motorA_pos	
Controller.Micro850.Micro850.Prog1.motorA_Stop	
Controller.Micro850.Micro850.Prog1.motorB_FW	
Controller.Micro850.Micro850.Prog1.motorB_move	
Controller.Micro850.Micro850.Prog1.motorB_move_lower	
Controller.Micro850.Micro850.Prog1.motorB_move_upper	
Controller.Micro850.Micro850.Prog1.motorB_Stop	
Controller.Micro850.Micro850.Prog1.num	
Controller.Micro850.Micro850.Prog1.num2	
Controller.Micro850.Micro850.Prog1.RA_STRING_TO_ASCII_OUTPUT_1.FBEN	
Controller.Micro850.Micro850.Prog1.RA_STRING_TO_ASCII_OUTPUT_1.FBENO	
Controller.Micro850.Micro850.Prog1.RA_STRING_TO_ASCII_OUTPUT_1.Index	
Controller.Micro850.Micro850.Prog1.RA_STRING_TO_ASCII_OUTPUT_1.Input	
Controller.Micro850.Micro850.Prog1.RA_STRING_TO_ASCII_OUTPUT_1.NbC	
Controller.Micro850.Micro850.Prog1.RA_STRING_TO_ASCII_OUTPUT_1.Output[1]	
Controller.Micro850.Micro850.Prog1.RA_STRING_TO_ASCII_OUTPUT_1.Output[10]	
Controller.Micro850.Micro850.Prog1.RA_STRING_TO_ASCII_OUTPUT_1.Output[11]	
Controller.Micro850.Micro850.Prog1.RA_STRING_TO_ASCII_OUTPUT_1.Output[12]	
Controller.Micro850.Micro850.Prog1.RA_STRING_TO_ASCII_OUTPUT_1.Output[13]	
Controller.Micro850.Micro850.Prog1.RA_STRING_TO_ASCII_OUTPUT_1.Output[14]	
Controller.Micro850.Micro850.Prog1.RA_STRING_TO_ASCII_OUTPUT_1.Output[15]	
Controller.Micro850.Micro850.Prog1.RA_STRING_TO_ASCII_OUTPUT_1.Output[16]	
Controller.Micro850.Micro850.Prog1.RA_STRING_TO_ASCII_OUTPUT_1.Output[17]	
Controller.Micro850.Micro850.Prog1.RA_STRING_TO_ASCII_OUTPUT_1.Output[18]	
Controller.Micro850.Micro850.Prog1.RA_STRING_TO_ASCII_OUTPUT_1.Output[19]	
Controller.Micro850.Micro850.Prog1.RA_STRING_TO_ASCII_OUTPUT_1.Output[2]	
Controller.Micro850.Micro850.Prog1.RA_STRING_TO_ASCII_OUTPUT_1.Output[20]	
Controller.Micro850.Micro850.Prog1.RA_STRING_TO_ASCII_OUTPUT_1.Output[21]	
Controller.Micro850.Micro850.Prog1.RA_STRING_TO_ASCII_OUTPUT_1.Output[22]	
Controller.Micro850.Micro850.Prog1.RA_STRING_TO_ASCII_OUTPUT_1.Output[23]	
Controller.Micro850.Micro850.Prog1.RA_STRING_TO_ASCII_OUTPUT_1.Output[24]	
Controller.Micro850.Micro850.Prog1.RA_STRING_TO_ASCII_OUTPUT_1.Output[25]	
Controller.Micro850.Micro850.Prog1.RA_STRING_TO_ASCII_OUTPUT_1.Output[26]	
Controller.Micro850.Micro850.Prog1.RA_STRING_TO_ASCII_OUTPUT_1.Output[27]	
Controller.Micro850.Micro850.Prog1.RA_STRING_TO_ASCII_OUTPUT_1.Output[28]	
Controller.Micro850.Micro850.Prog1.RA_STRING_TO_ASCII_OUTPUT_1.Output[29]	
Controller.Micro850.Micro850.Prog1.RA_STRING_TO_ASCII_OUTPUT_1.Output[3]	
Controller.Micro850.Micro850.Prog1.RA_STRING_TO_ASCII_OUTPUT_1.Output[30]	
Controller.Micro850.Micro850.Prog1.RA_STRING_TO_ASCII_OUTPUT_1.Output[31]	
Controller.Micro850.Micro850.Prog1.RA_STRING_TO_ASCII_OUTPUT_1.Output[32]	
Controller.Micro850.Micro850.Prog1.RA_STRING_TO_ASCII_OUTPUT_1.Output[33]	
Controller.Micro850.Micro850.Prog1.RA_STRING_TO_ASCII_OUTPUT_1.Output[34]	
Controller.Micro850.Micro850.Prog1.RA_STRING_TO_ASCII_OUTPUT_1.Output[35]	
Controller.Micro850.Micro850.Prog1.RA_STRING_TO_ASCII_OUTPUT_1.Output[36]	
Controller.Micro850.Micro850.Prog1.RA_STRING_TO_ASCII_OUTPUT_1.Output[37]	
Controller.Micro850.Micro850.Prog1.RA_STRING_TO_ASCII_OUTPUT_1.Output[38]	
Controller.Micro850.Micro850.Prog1.RA_STRING_TO_ASCII_OUTPUT_1.Output[39]	
Controller.Micro850.Micro850.Prog1.RA_STRING_TO_ASCII_OUTPUT_1.Output[4]	
Controller.Micro850.Micro850.Prog1.RA_STRING_TO_ASCII_OUTPUT_1.Output[40]	
Controller.Micro850.Micro850.Prog1.RA_STRING_TO_ASCII_OUTPUT_1.Output[41]	
Controller.Micro850.Micro850.Prog1.RA_STRING_TO_ASCII_OUTPUT_1.Output[42]	
Controller.Micro850.Micro850.Prog1.RA_STRING_TO_ASCII_OUTPUT_1.Output[43]	
Controller.Micro850.Micro850.Prog1.RA_STRING_TO_ASCII_OUTPUT_1.Output[44]	
Controller.Micro850.Micro850.Prog1.RA_STRING_TO_ASCII_OUTPUT_1.Output[45]	
Controller.Micro850.Micro850.Prog1.RA_STRING_TO_ASCII_OUTPUT_1.Output[46]	
Controller.Micro850.Micro850.Prog1.RA_STRING_TO_ASCII_OUTPUT_1.Output[47]	
Controller.Micro850.Micro850.Prog1.RA_STRING_TO_ASCII_OUTPUT_1.Output[48]	
Controller.Micro850.Micro850.Prog1.RA_STRING_TO_ASCII_OUTPUT_1.Output[49]	
Controller.Micro850.Micro850.Prog1.RA_STRING_TO_ASCII_OUTPUT_1.Output[5]	
Controller.Micro850.Micro850.Prog1.RA_STRING_TO_ASCII_OUTPUT_1.Output[50]	
Controller.Micro850.Micro850.Prog1.RA_STRING_TO_ASCII_OUTPUT_1.Output[51]	
Controller.Micro850.Micro850.Prog1.RA_STRING_TO_ASCII_OUTPUT_1.Output[52]	
Controller.Micro850.Micro850.Prog1.RA_STRING_TO_ASCII_OUTPUT_1.Output[53]	
Controller.Micro850.Micro850.Prog1.RA_STRING_TO_ASCII_OUTPUT_1.Output[54]	
Controller.Micro850.Micro850.Prog1.RA_STRING_TO_ASCII_OUTPUT_1.Output[55]	
Controller.Micro850.Micro850.Prog1.RA_STRING_TO_ASCII_OUTPUT_1.Output[56]	
Controller.Micro850.Micro850.Prog1.RA_STRING_TO_ASCII_OUTPUT_1.Output[57]	
Controller.Micro850.Micro850.Prog1.RA_STRING_TO_ASCII_OUTPUT_1.Output[58]	
Controller.Micro850.Micro850.Prog1.RA_STRING_TO_ASCII_OUTPUT_1.Output[59]	
Controller.Micro850.Micro850.Prog1.RA_STRING_TO_ASCII_OUTPUT_1.Output[6]	
Controller.Micro850.Micro850.Prog1.RA_STRING_TO_ASCII_OUTPUT_1.Output[60]	
Controller.Micro850.Micro850.Prog1.RA_STRING_TO_ASCII_OUTPUT_1.Output[61]	
Controller.Micro850.Micro850.Prog1.RA_STRING_TO_ASCII_OUTPUT_1.Output[62]	
Controller.Micro850.Micro850.Prog1.RA_STRING_TO_ASCII_OUTPUT_1.Output[63]	
Controller.Micro850.Micro850.Prog1.RA_STRING_TO_ASCII_OUTPUT_1.Output[64]	
Controller.Micro850.Micro850.Prog1.RA_STRING_TO_ASCII_OUTPUT_1.Output[65]	
Controller.Micro850.Micro850.Prog1.RA_STRING_TO_ASCII_OUTPUT_1.Output[66]	
Controller.Micro850.Micro850.Prog1.RA_STRING_TO_ASCII_OUTPUT_1.Output[67]	
Controller.Micro850.Micro850.Prog1.RA_STRING_TO_ASCII_OUTPUT_1.Output[68]	
Controller.Micro850.Micro850.Prog1.RA_STRING_TO_ASCII_OUTPUT_1.Output[69]	
Controller.Micro850.Micro850.Prog1.RA_STRING_TO_ASCII_OUTPUT_1.Output[7]	
Controller.Micro850.Micro850.Prog1.RA_STRING_TO_ASCII_OUTPUT_1.Output[70]	
Controller.Micro850.Micro850.Prog1.RA_STRING_TO_ASCII_OUTPUT_1.Output[71]	
Controller.Micro850.Micro850.Prog1.RA_STRING_TO_ASCII_OUTPUT_1.Output[72]	
Controller.Micro850.Micro850.Prog1.RA_STRING_TO_ASCII_OUTPUT_1.Output[73]	
Controller.Micro850.Micro850.Prog1.RA_STRING_TO_ASCII_OUTPUT_1.Output[74]	
Controller.Micro850.Micro850.Prog1.RA_STRING_TO_ASCII_OUTPUT_1.Output[75]	
Controller.Micro850.Micro850.Prog1.RA_STRING_TO_ASCII_OUTPUT_1.Output[76]	
Controller.Micro850.Micro850.Prog1.RA_STRING_TO_ASCII_OUTPUT_1.Output[77]	
Controller.Micro850.Micro850.Prog1.RA_STRING_TO_ASCII_OUTPUT_1.Output[78]	
Controller.Micro850.Micro850.Prog1.RA_STRING_TO_ASCII_OUTPUT_1.Output[79]	
Controller.Micro850.Micro850.Prog1.RA_STRING_TO_ASCII_OUTPUT_1.Output[8]	
Controller.Micro850.Micro850.Prog1.RA_STRING_TO_ASCII_OUTPUT_1.Output[80]	
Controller.Micro850.Micro850.Prog1.RA_STRING_TO_ASCII_OUTPUT_1.Output[81]	
Controller.Micro850.Micro850.Prog1.RA_STRING_TO_ASCII_OUTPUT_1.Output[82]	
Controller.Micro850.Micro850.Prog1.RA_STRING_TO_ASCII_OUTPUT_1.Output[9]	
Controller.Micro850.Micro850.Prog1.read_counts	
Controller.Micro850.Micro850.Prog1.readinput.Cancel	
Controller.Micro850.Micro850.Prog1.readinput.Channel	
Controller.Micro850.Micro850.Prog1.readinput.Length	
Controller.Micro850.Micro850.Prog1.ReadTest	
Controller.Micro850.Micro850.Prog1.reset	
Controller.Micro850.Micro850.Prog1.SendCmd	
Controller.Micro850.Micro850.Prog1.sendCommand	
Controller.Micro850.Micro850.Prog1.source[1]	
Controller.Micro850.Micro850.Prog1.source[10]	
Controller.Micro850.Micro850.Prog1.source[11]	
Controller.Micro850.Micro850.Prog1.source[12]	
Controller.Micro850.Micro850.Prog1.source[13]	
Controller.Micro850.Micro850.Prog1.source[14]	
Controller.Micro850.Micro850.Prog1.source[15]	
Controller.Micro850.Micro850.Prog1.source[16]	
Controller.Micro850.Micro850.Prog1.source[17]	
Controller.Micro850.Micro850.Prog1.source[18]	
Controller.Micro850.Micro850.Prog1.source[19]	
Controller.Micro850.Micro850.Prog1.source[2]	
Controller.Micro850.Micro850.Prog1.source[20]	
Controller.Micro850.Micro850.Prog1.source[21]	
Controller.Micro850.Micro850.Prog1.source[22]	
Controller.Micro850.Micro850.Prog1.source[23]	
Controller.Micro850.Micro850.Prog1.source[24]	
Controller.Micro850.Micro850.Prog1.source[25]	
Controller.Micro850.Micro850.Prog1.source[26]	
Controller.Micro850.Micro850.Prog1.source[27]	
Controller.Micro850.Micro850.Prog1.source[28]	
Controller.Micro850.Micro850.Prog1.source[29]	
Controller.Micro850.Micro850.Prog1.source[3]	
Controller.Micro850.Micro850.Prog1.source[30]	
Controller.Micro850.Micro850.Prog1.source[31]	
Controller.Micro850.Micro850.Prog1.source[32]	
Controller.Micro850.Micro850.Prog1.source[33]	
Controller.Micro850.Micro850.Prog1.source[34]	
Controller.Micro850.Micro850.Prog1.source[35]	
Controller.Micro850.Micro850.Prog1.source[36]	
Controller.Micro850.Micro850.Prog1.source[37]	
Controller.Micro850.Micro850.Prog1.source[38]	
Controller.Micro850.Micro850.Prog1.source[39]	
Controller.Micro850.Micro850.Prog1.source[4]	
Controller.Micro850.Micro850.Prog1.source[40]	
Controller.Micro850.Micro850.Prog1.source[41]	
Controller.Micro850.Micro850.Prog1.source[42]	
Controller.Micro850.Micro850.Prog1.source[43]	
Controller.Micro850.Micro850.Prog1.source[44]	
Controller.Micro850.Micro850.Prog1.source[45]	
Controller.Micro850.Micro850.Prog1.source[46]	
Controller.Micro850.Micro850.Prog1.source[47]	
Controller.Micro850.Micro850.Prog1.source[48]	
Controller.Micro850.Micro850.Prog1.source[49]	
Controller.Micro850.Micro850.Prog1.source[5]	
Controller.Micro850.Micro850.Prog1.source[50]	
Controller.Micro850.Micro850.Prog1.source[51]	
Controller.Micro850.Micro850.Prog1.source[52]	
Controller.Micro850.Micro850.Prog1.source[53]	
Controller.Micro850.Micro850.Prog1.source[54]	
Controller.Micro850.Micro850.Prog1.source[55]	
Controller.Micro850.Micro850.Prog1.source[56]	
Controller.Micro850.Micro850.Prog1.source[57]	
Controller.Micro850.Micro850.Prog1.source[58]	
Controller.Micro850.Micro850.Prog1.source[59]	
Controller.Micro850.Micro850.Prog1.source[6]	
Controller.Micro850.Micro850.Prog1.source[60]	
Controller.Micro850.Micro850.Prog1.source[61]	
Controller.Micro850.Micro850.Prog1.source[62]	
Controller.Micro850.Micro850.Prog1.source[63]	
Controller.Micro850.Micro850.Prog1.source[64]	
Controller.Micro850.Micro850.Prog1.source[65]	
Controller.Micro850.Micro850.Prog1.source[66]	
Controller.Micro850.Micro850.Prog1.source[67]	
Controller.Micro850.Micro850.Prog1.source[68]	
Controller.Micro850.Micro850.Prog1.source[69]	
Controller.Micro850.Micro850.Prog1.source[7]	
Controller.Micro850.Micro850.Prog1.source[70]	
Controller.Micro850.Micro850.Prog1.source[71]	
Controller.Micro850.Micro850.Prog1.source[72]	
Controller.Micro850.Micro850.Prog1.source[73]	
Controller.Micro850.Micro850.Prog1.source[74]	
Controller.Micro850.Micro850.Prog1.source[75]	
Controller.Micro850.Micro850.Prog1.source[76]	
Controller.Micro850.Micro850.Prog1.source[77]	
Controller.Micro850.Micro850.Prog1.source[78]	
Controller.Micro850.Micro850.Prog1.source[79]	
Controller.Micro850.Micro850.Prog1.source[8]	
Controller.Micro850.Micro850.Prog1.source[80]	
Controller.Micro850.Micro850.Prog1.source[81]	
Controller.Micro850.Micro850.Prog1.source[82]	
Controller.Micro850.Micro850.Prog1.source[9]	
Controller.Micro850.Micro850.Prog1.Start_COP	
Controller.Micro850.Micro850.Prog1.Start_CRC	
Controller.Micro850.Micro850.Prog1.Start_GenBytes	
Controller.Micro850.Micro850.Prog1.TON_1.ET	
Controller.Micro850.Micro850.Prog1.TON_1.IN	
Controller.Micro850.Micro850.Prog1.TON_1.Pdate	
Controller.Micro850.Micro850.Prog1.TON_1.PT	
Controller.Micro850.Micro850.Prog1.TON_1.Q	
Controller.Micro850.Micro850.Prog1.TON_1.Redge	
Controller.Micro850.Micro850.RA_STRING_TO_ASCII_OUTPUT_SAMPLE.FBEN	
Controller.Micro850.Micro850.RA_STRING_TO_ASCII_OUTPUT_SAMPLE.FBENO	
Controller.Micro850.Micro850.RA_STRING_TO_ASCII_OUTPUT_SAMPLE.NumChar	
Controller.Micro850.Micro850.RA_STRING_TO_ASCII_OUTPUT_SAMPLE.RA_STRING_TO_ASCII_OUTPUT_1.FBEN	
Controller.Micro850.Micro850.RA_STRING_TO_ASCII_OUTPUT_SAMPLE.RA_STRING_TO_ASCII_OUTPUT_1.FBENO	
Controller.Micro850.Micro850.RA_STRING_TO_ASCII_OUTPUT_SAMPLE.RA_STRING_TO_ASCII_OUTPUT_1.Index	
Controller.Micro850.Micro850.RA_STRING_TO_ASCII_OUTPUT_SAMPLE.RA_STRING_TO_ASCII_OUTPUT_1.Input	
Controller.Micro850.Micro850.RA_STRING_TO_ASCII_OUTPUT_SAMPLE.RA_STRING_TO_ASCII_OUTPUT_1.NbC	
Controller.Micro850.Micro850.RA_STRING_TO_ASCII_OUTPUT_SAMPLE.RA_STRING_TO_ASCII_OUTPUT_1.Output[1]	
Controller.Micro850.Micro850.RA_STRING_TO_ASCII_OUTPUT_SAMPLE.RA_STRING_TO_ASCII_OUTPUT_1.Output[10]	
Controller.Micro850.Micro850.RA_STRING_TO_ASCII_OUTPUT_SAMPLE.RA_STRING_TO_ASCII_OUTPUT_1.Output[11]	
Controller.Micro850.Micro850.RA_STRING_TO_ASCII_OUTPUT_SAMPLE.RA_STRING_TO_ASCII_OUTPUT_1.Output[12]	
Controller.Micro850.Micro850.RA_STRING_TO_ASCII_OUTPUT_SAMPLE.RA_STRING_TO_ASCII_OUTPUT_1.Output[13]	
Controller.Micro850.Micro850.RA_STRING_TO_ASCII_OUTPUT_SAMPLE.RA_STRING_TO_ASCII_OUTPUT_1.Output[14]	
Controller.Micro850.Micro850.RA_STRING_TO_ASCII_OUTPUT_SAMPLE.RA_STRING_TO_ASCII_OUTPUT_1.Output[15]	
Controller.Micro850.Micro850.RA_STRING_TO_ASCII_OUTPUT_SAMPLE.RA_STRING_TO_ASCII_OUTPUT_1.Output[16]	
Controller.Micro850.Micro850.RA_STRING_TO_ASCII_OUTPUT_SAMPLE.RA_STRING_TO_ASCII_OUTPUT_1.Output[17]	
Controller.Micro850.Micro850.RA_STRING_TO_ASCII_OUTPUT_SAMPLE.RA_STRING_TO_ASCII_OUTPUT_1.Output[18]	
Controller.Micro850.Micro850.RA_STRING_TO_ASCII_OUTPUT_SAMPLE.RA_STRING_TO_ASCII_OUTPUT_1.Output[19]	
Controller.Micro850.Micro850.RA_STRING_TO_ASCII_OUTPUT_SAMPLE.RA_STRING_TO_ASCII_OUTPUT_1.Output[2]	
Controller.Micro850.Micro850.RA_STRING_TO_ASCII_OUTPUT_SAMPLE.RA_STRING_TO_ASCII_OUTPUT_1.Output[20]	
Controller.Micro850.Micro850.RA_STRING_TO_ASCII_OUTPUT_SAMPLE.RA_STRING_TO_ASCII_OUTPUT_1.Output[21]	
Controller.Micro850.Micro850.RA_STRING_TO_ASCII_OUTPUT_SAMPLE.RA_STRING_TO_ASCII_OUTPUT_1.Output[22]	
Controller.Micro850.Micro850.RA_STRING_TO_ASCII_OUTPUT_SAMPLE.RA_STRING_TO_ASCII_OUTPUT_1.Output[23]	
Controller.Micro850.Micro850.RA_STRING_TO_ASCII_OUTPUT_SAMPLE.RA_STRING_TO_ASCII_OUTPUT_1.Output[24]	
Controller.Micro850.Micro850.RA_STRING_TO_ASCII_OUTPUT_SAMPLE.RA_STRING_TO_ASCII_OUTPUT_1.Output[25]	
Controller.Micro850.Micro850.RA_STRING_TO_ASCII_OUTPUT_SAMPLE.RA_STRING_TO_ASCII_OUTPUT_1.Output[26]	
Controller.Micro850.Micro850.RA_STRING_TO_ASCII_OUTPUT_SAMPLE.RA_STRING_TO_ASCII_OUTPUT_1.Output[27]	
Controller.Micro850.Micro850.RA_STRING_TO_ASCII_OUTPUT_SAMPLE.RA_STRING_TO_ASCII_OUTPUT_1.Output[28]	
Controller.Micro850.Micro850.RA_STRING_TO_ASCII_OUTPUT_SAMPLE.RA_STRING_TO_ASCII_OUTPUT_1.Output[29]	
Controller.Micro850.Micro850.RA_STRING_TO_ASCII_OUTPUT_SAMPLE.RA_STRING_TO_ASCII_OUTPUT_1.Output[3]	
Controller.Micro850.Micro850.RA_STRING_TO_ASCII_OUTPUT_SAMPLE.RA_STRING_TO_ASCII_OUTPUT_1.Output[30]	
Controller.Micro850.Micro850.RA_STRING_TO_ASCII_OUTPUT_SAMPLE.RA_STRING_TO_ASCII_OUTPUT_1.Output[31]	
Controller.Micro850.Micro850.RA_STRING_TO_ASCII_OUTPUT_SAMPLE.RA_STRING_TO_ASCII_OUTPUT_1.Output[32]	
Controller.Micro850.Micro850.RA_STRING_TO_ASCII_OUTPUT_SAMPLE.RA_STRING_TO_ASCII_OUTPUT_1.Output[33]	
Controller.Micro850.Micro850.RA_STRING_TO_ASCII_OUTPUT_SAMPLE.RA_STRING_TO_ASCII_OUTPUT_1.Output[34]	
Controller.Micro850.Micro850.RA_STRING_TO_ASCII_OUTPUT_SAMPLE.RA_STRING_TO_ASCII_OUTPUT_1.Output[35]	
Controller.Micro850.Micro850.RA_STRING_TO_ASCII_OUTPUT_SAMPLE.RA_STRING_TO_ASCII_OUTPUT_1.Output[36]	
Controller.Micro850.Micro850.RA_STRING_TO_ASCII_OUTPUT_SAMPLE.RA_STRING_TO_ASCII_OUTPUT_1.Output[37]	
Controller.Micro850.Micro850.RA_STRING_TO_ASCII_OUTPUT_SAMPLE.RA_STRING_TO_ASCII_OUTPUT_1.Output[38]	
Controller.Micro850.Micro850.RA_STRING_TO_ASCII_OUTPUT_SAMPLE.RA_STRING_TO_ASCII_OUTPUT_1.Output[39]	
Controller.Micro850.Micro850.RA_STRING_TO_ASCII_OUTPUT_SAMPLE.RA_STRING_TO_ASCII_OUTPUT_1.Output[4]	
Controller.Micro850.Micro850.RA_STRING_TO_ASCII_OUTPUT_SAMPLE.RA_STRING_TO_ASCII_OUTPUT_1.Output[40]	
Controller.Micro850.Micro850.RA_STRING_TO_ASCII_OUTPUT_SAMPLE.RA_STRING_TO_ASCII_OUTPUT_1.Output[41]	
Controller.Micro850.Micro850.RA_STRING_TO_ASCII_OUTPUT_SAMPLE.RA_STRING_TO_ASCII_OUTPUT_1.Output[42]	
Controller.Micro850.Micro850.RA_STRING_TO_ASCII_OUTPUT_SAMPLE.RA_STRING_TO_ASCII_OUTPUT_1.Output[43]	
Controller.Micro850.Micro850.RA_STRING_TO_ASCII_OUTPUT_SAMPLE.RA_STRING_TO_ASCII_OUTPUT_1.Output[44]	
Controller.Micro850.Micro850.RA_STRING_TO_ASCII_OUTPUT_SAMPLE.RA_STRING_TO_ASCII_OUTPUT_1.Output[45]	
Controller.Micro850.Micro850.RA_STRING_TO_ASCII_OUTPUT_SAMPLE.RA_STRING_TO_ASCII_OUTPUT_1.Output[46]	
Controller.Micro850.Micro850.RA_STRING_TO_ASCII_OUTPUT_SAMPLE.RA_STRING_TO_ASCII_OUTPUT_1.Output[47]	
Controller.Micro850.Micro850.RA_STRING_TO_ASCII_OUTPUT_SAMPLE.RA_STRING_TO_ASCII_OUTPUT_1.Output[48]	
Controller.Micro850.Micro850.RA_STRING_TO_ASCII_OUTPUT_SAMPLE.RA_STRING_TO_ASCII_OUTPUT_1.Output[49]	
Controller.Micro850.Micro850.RA_STRING_TO_ASCII_OUTPUT_SAMPLE.RA_STRING_TO_ASCII_OUTPUT_1.Output[5]	
Controller.Micro850.Micro850.RA_STRING_TO_ASCII_OUTPUT_SAMPLE.RA_STRING_TO_ASCII_OUTPUT_1.Output[50]	
Controller.Micro850.Micro850.RA_STRING_TO_ASCII_OUTPUT_SAMPLE.RA_STRING_TO_ASCII_OUTPUT_1.Output[51]	
Controller.Micro850.Micro850.RA_STRING_TO_ASCII_OUTPUT_SAMPLE.RA_STRING_TO_ASCII_OUTPUT_1.Output[52]	
Controller.Micro850.Micro850.RA_STRING_TO_ASCII_OUTPUT_SAMPLE.RA_STRING_TO_ASCII_OUTPUT_1.Output[53]	
Controller.Micro850.Micro850.RA_STRING_TO_ASCII_OUTPUT_SAMPLE.RA_STRING_TO_ASCII_OUTPUT_1.Output[54]	
Controller.Micro850.Micro850.RA_STRING_TO_ASCII_OUTPUT_SAMPLE.RA_STRING_TO_ASCII_OUTPUT_1.Output[55]	
Controller.Micro850.Micro850.RA_STRING_TO_ASCII_OUTPUT_SAMPLE.RA_STRING_TO_ASCII_OUTPUT_1.Output[56]	
Controller.Micro850.Micro850.RA_STRING_TO_ASCII_OUTPUT_SAMPLE.RA_STRING_TO_ASCII_OUTPUT_1.Output[57]	
Controller.Micro850.Micro850.RA_STRING_TO_ASCII_OUTPUT_SAMPLE.RA_STRING_TO_ASCII_OUTPUT_1.Output[58]	
Controller.Micro850.Micro850.RA_STRING_TO_ASCII_OUTPUT_SAMPLE.RA_STRING_TO_ASCII_OUTPUT_1.Output[59]	
Controller.Micro850.Micro850.RA_STRING_TO_ASCII_OUTPUT_SAMPLE.RA_STRING_TO_ASCII_OUTPUT_1.Output[6]	
Controller.Micro850.Micro850.RA_STRING_TO_ASCII_OUTPUT_SAMPLE.RA_STRING_TO_ASCII_OUTPUT_1.Output[60]	
Controller.Micro850.Micro850.RA_STRING_TO_ASCII_OUTPUT_SAMPLE.RA_STRING_TO_ASCII_OUTPUT_1.Output[61]	
Controller.Micro850.Micro850.RA_STRING_TO_ASCII_OUTPUT_SAMPLE.RA_STRING_TO_ASCII_OUTPUT_1.Output[62]	
Controller.Micro850.Micro850.RA_STRING_TO_ASCII_OUTPUT_SAMPLE.RA_STRING_TO_ASCII_OUTPUT_1.Output[63]	
Controller.Micro850.Micro850.RA_STRING_TO_ASCII_OUTPUT_SAMPLE.RA_STRING_TO_ASCII_OUTPUT_1.Output[64]	
Controller.Micro850.Micro850.RA_STRING_TO_ASCII_OUTPUT_SAMPLE.RA_STRING_TO_ASCII_OUTPUT_1.Output[65]	
Controller.Micro850.Micro850.RA_STRING_TO_ASCII_OUTPUT_SAMPLE.RA_STRING_TO_ASCII_OUTPUT_1.Output[66]	
Controller.Micro850.Micro850.RA_STRING_TO_ASCII_OUTPUT_SAMPLE.RA_STRING_TO_ASCII_OUTPUT_1.Output[67]	
Controller.Micro850.Micro850.RA_STRING_TO_ASCII_OUTPUT_SAMPLE.RA_STRING_TO_ASCII_OUTPUT_1.Output[68]	
Controller.Micro850.Micro850.RA_STRING_TO_ASCII_OUTPUT_SAMPLE.RA_STRING_TO_ASCII_OUTPUT_1.Output[69]	
Controller.Micro850.Micro850.RA_STRING_TO_ASCII_OUTPUT_SAMPLE.RA_STRING_TO_ASCII_OUTPUT_1.Output[7]	
Controller.Micro850.Micro850.RA_STRING_TO_ASCII_OUTPUT_SAMPLE.RA_STRING_TO_ASCII_OUTPUT_1.Output[70]	
Controller.Micro850.Micro850.RA_STRING_TO_ASCII_OUTPUT_SAMPLE.RA_STRING_TO_ASCII_OUTPUT_1.Output[71]	
Controller.Micro850.Micro850.RA_STRING_TO_ASCII_OUTPUT_SAMPLE.RA_STRING_TO_ASCII_OUTPUT_1.Output[72]	
Controller.Micro850.Micro850.RA_STRING_TO_ASCII_OUTPUT_SAMPLE.RA_STRING_TO_ASCII_OUTPUT_1.Output[73]	
Controller.Micro850.Micro850.RA_STRING_TO_ASCII_OUTPUT_SAMPLE.RA_STRING_TO_ASCII_OUTPUT_1.Output[74]	
Controller.Micro850.Micro850.RA_STRING_TO_ASCII_OUTPUT_SAMPLE.RA_STRING_TO_ASCII_OUTPUT_1.Output[75]	
Controller.Micro850.Micro850.RA_STRING_TO_ASCII_OUTPUT_SAMPLE.RA_STRING_TO_ASCII_OUTPUT_1.Output[76]	
Controller.Micro850.Micro850.RA_STRING_TO_ASCII_OUTPUT_SAMPLE.RA_STRING_TO_ASCII_OUTPUT_1.Output[77]	
Controller.Micro850.Micro850.RA_STRING_TO_ASCII_OUTPUT_SAMPLE.RA_STRING_TO_ASCII_OUTPUT_1.Output[78]	
Controller.Micro850.Micro850.RA_STRING_TO_ASCII_OUTPUT_SAMPLE.RA_STRING_TO_ASCII_OUTPUT_1.Output[79]	
Controller.Micro850.Micro850.RA_STRING_TO_ASCII_OUTPUT_SAMPLE.RA_STRING_TO_ASCII_OUTPUT_1.Output[8]	
Controller.Micro850.Micro850.RA_STRING_TO_ASCII_OUTPUT_SAMPLE.RA_STRING_TO_ASCII_OUTPUT_1.Output[80]	
Controller.Micro850.Micro850.RA_STRING_TO_ASCII_OUTPUT_SAMPLE.RA_STRING_TO_ASCII_OUTPUT_1.Output[81]	
Controller.Micro850.Micro850.RA_STRING_TO_ASCII_OUTPUT_SAMPLE.RA_STRING_TO_ASCII_OUTPUT_1.Output[82]	
Controller.Micro850.Micro850.RA_STRING_TO_ASCII_OUTPUT_SAMPLE.RA_STRING_TO_ASCII_OUTPUT_1.Output[9]	
Controller.Micro850.Micro850.RA_STRING_TO_ASCII_OUTPUT_SAMPLE.String_Input	
